{"stats":{"minecraft:killed_by":{"minecraft:witch":1},"minecraft:picked_up":{"minecraft:birch_log":7,"jeg:scrap":2,"minecraft:coal":7,"minecraft:cobblestone":22},"minecraft:crafted":{"minecraft:birch_planks":28,"minecraft:stick":4,"minecraft:wooden_pickaxe":1,"minecraft:stone_pickaxe":1},"minecraft:custom":{"minecraft:time_since_rest":166,"minecraft:deaths":1,"minecraft:crouch_one_cm":1301,"minecraft:play_time":13135,"minecraft:sprint_one_cm":26614,"minecraft:damage_taken":284,"minecraft:walk_one_cm":25202,"minecraft:sneak_time":383,"minecraft:damage_dealt_resisted":0,"minecraft:jump":134,"minecraft:damage_dealt":34,"minecraft:time_since_death":130,"minecraft:total_world_time":13135,"minecraft:fall_one_cm":4560,"minecraft:interact_with_crafting_table":6,"minecraft:fly_one_cm":19602},"minecraft:mined":{"minecraft:birch_planks":1,"minecraft:coal_ore":2,"minecraft:birch_log":7,"regions_unexplored:medium_grass":1,"minecraft:stone":22},"minecraft:used":{"minecraft:birch_planks":16,"minecraft:stone_pickaxe":14,"minecraft:wooden_pickaxe":15}},"DataVersion":3465}