{"stats":{"minecraft:broken":{"minecraft:stone_pickaxe":1},"minecraft:dropped":{"gravestone:obituary":2},"minecraft:killed":{"minecraft:pig":3,"alexsmobs:seagull":1},"minecraft:killed_by":{"minecraft:witch":1},"minecraft:picked_up":{"minecraft:birch_log":7,"minecraft:raw_iron":8,"minecraft:feather":1,"minecraft:birch_planks":10,"minecraft:porkchop":7,"jeg:scrap":5,"minecraft:dirt":2,"minecraft:rotten_flesh":2,"regions_unexplored:pink_bioshroom":2,"minecraft:coal":34,"minecraft:cobblestone":48},"minecraft:crafted":{"minecraft:stick":12,"minecraft:iron_ingot":8,"minecraft:wooden_pickaxe":1,"minecraft:iron_pickaxe":1,"minecraft:stone_pickaxe":1,"minecraft:iron_sword":1,"minecraft:furnace":1,"minecraft:birch_planks":28,"minecraft:torch":16},"minecraft:custom":{"minecraft:time_since_rest":4857,"minecraft:interact_with_furnace":4,"minecraft:sprint_one_cm":62955,"minecraft:damage_taken":639,"minecraft:walk_one_cm":42259,"minecraft:mob_kills":4,"minecraft:drop":2,"minecraft:damage_dealt":466,"minecraft:interact_with_crafting_table":11,"minecraft:fly_one_cm":53178,"minecraft:crouch_one_cm":1301,"minecraft:play_time":25135,"minecraft:deaths":2,"minecraft:sneak_time":383,"minecraft:jump":369,"minecraft:damage_dealt_resisted":0,"minecraft:time_since_death":4830,"minecraft:total_world_time":25135,"minecraft:fall_one_cm":11530},"minecraft:mined":{"minecraft:birch_planks":10,"jeg:scrap_ore":1,"minecraft:birch_log":7,"minecraft:iron_ore":8,"regions_unexplored:pink_bioshroom":2,"gravestone:gravestone":2,"minecraft:grass":2,"minecraft:coal_ore":29,"regions_unexplored:medium_grass":4,"minecraft:stone":48},"minecraft:used":{"minecraft:birch_planks":24,"minecraft:stone_pickaxe":107,"minecraft:wooden_pickaxe":20,"minecraft:rotten_flesh":2,"minecraft:torch":5,"minecraft:dirt":2,"minecraft:cobblestone":15,"minecraft:furnace":1,"regions_unexplored:pink_bioshroom":1}},"DataVersion":3465}