{"stats":{"minecraft:broken":{"minecraft:stone_pickaxe":1},"minecraft:dropped":{"minecraft:iron_ingot":3,"minecraft:iron_sword":2,"regions_unexplored:larch_planks":12,"minecraft:cobblestone":20,"minecraft:feather":7,"jeg:scrap":4,"minecraft:stick":1,"minecraft:cooked_salmon":1,"gravestone:obituary":9,"minecraft:pumpkin":2,"minecraft:iron_pickaxe":1,"minecraft:chainmail_leggings":1,"minecraft:iron_shovel":1,"minecraft:dark_oak_planks":1,"minecraft:white_wool":6,"minecraft:zombie_spawn_egg":3,"regions_unexplored:larch_log":1,"minecraft:rotten_flesh":4,"regions_unexplored:peat_dirt":1,"minecraft:shield":1,"minecraft:gunpowder":6,"apotheosis:gem":1,"minecraft:diamond_boots":2,"minecraft:arrow":2,"minecraft:wooden_pickaxe":1},"minecraft:killed":{"alexsmobs:raccoon":1,"minecraft:spider":3,"alexsmobs:seagull":1,"enemyexpansion:direwolf":1,"minecraft:parrot":2,"minecraft:pig":3,"minecraft:pillager":2,"minecraft:zombie":14,"enemyexpansion:botfly":2,"alexsmobs:fly":2},"minecraft:killed_by":{"minecraft:pillager":1,"minecraft:skeleton":1,"minecraft:witch":1,"minecraft:zombie":12},"minecraft:picked_up":{"minecraft:crafting_table":1,"minecraft:chainmail_boots":1,"regions_unexplored:larch_planks":2,"minecraft:turtle_helmet":1,"regions_unexplored:blue_bioshroom":2,"gravestone:obituary":3,"minecraft:string":1,"minecraft:cooked_salmon":1,"minecraft:iron_shovel":2,"jeg:revolver":1,"regions_unexplored:larch_log":53,"minecraft:iron_pickaxe":2,"minecraft:melon_slice":3,"minecraft:furnace":1,"minecraft:iron_boots":1,"minecraft:stick":2,"minecraft:raw_iron":70,"apotheosis:gem":1,"minecraft:torch":1,"minecraft:green_bed":2,"minecraft:porkchop":7,"minecraft:carrot":1,"minecraft:dark_oak_planks":1,"minecraft:zombie_spawn_egg":6,"minecraft:arrow":2,"minecraft:rotten_flesh":23,"regions_unexplored:green_bioshroom":1,"minecraft:white_wool":6,"minecraft:cobblestone":95,"minecraft:birch_log":7,"regions_unexplored:peat_dirt":4,"enemyexpansion:botfly_spawn_egg":1,"minecraft:feather":7,"regions_unexplored:blue_bioshroom_stem":2,"minecraft:birch_planks":10,"alexsmobs:cachalot_whale_tooth":1,"jeg:scrap":36,"minecraft:dirt":3,"minecraft:leather_boots":1,"minecraft:wheat_seeds":1,"regions_unexplored:pink_bioshroom":2,"minecraft:iron_sword":1,"jeg:tech_trash":5,"minecraft:pumpkin":2,"minecraft:ink_sac":2,"minecraft:diamond":21,"minecraft:chainmail_leggings":2,"minecraft:bread":7,"alexsmobs:maggot":3,"minecraft:coal":103},"minecraft:crafted":{"minecraft:furnace":1,"regions_unexplored:larch_planks":44,"minecraft:diamond_helmet":1,"minecraft:diamond_leggings":1,"jeg:scrap_workbench":1,"minecraft:iron_axe":1,"minecraft:stone_pickaxe":1,"minecraft:cooked_beef":11,"minecraft:cooked_porkchop":7,"minecraft:crafting_table":2,"minecraft:wooden_pickaxe":1,"minecraft:iron_sword":2,"minecraft:birch_planks":28,"minecraft:air":0,"jeg:scrap_block":1,"minecraft:shield":1,"minecraft:stick":20,"minecraft:iron_ingot":27,"minecraft:iron_pickaxe":1,"minecraft:torch":52,"minecraft:diamond_chestplate":1},"minecraft:custom":{"minecraft:mob_kills":31,"minecraft:interact_with_crafting_table":24,"minecraft:open_barrel":39,"minecraft:damage_dealt_resisted":0,"minecraft:time_since_death":30396,"minecraft:climb_one_cm":14557,"minecraft:sprint_one_cm":478040,"minecraft:walk_one_cm":307335,"minecraft:damage_blocked_by_shield":1884,"minecraft:drop":49,"minecraft:talked_to_villager":1,"minecraft:play_time":139135,"minecraft:deaths":16,"minecraft:sneak_time":383,"minecraft:walk_under_water_one_cm":10031,"minecraft:jump":2231,"minecraft:walk_on_water_one_cm":32575,"minecraft:total_world_time":139135,"minecraft:interact_with_furnace":14,"spartanshields:shield_bash_hits":14,"minecraft:sleep_in_bed":4,"minecraft:time_since_rest":0,"minecraft:damage_taken":7279,"minecraft:damage_dealt":5992,"minecraft:swim_one_cm":97187,"minecraft:player_kills":1,"minecraft:fly_one_cm":376684,"minecraft:open_chest":17,"minecraft:crouch_one_cm":1301,"minecraft:fall_one_cm":86343,"minecraft:inspect_dispenser":1},"minecraft:mined":{"regions_unexplored:green_bioshroom":1,"regions_unexplored:golden_larch_leaves":2,"regions_unexplored:larch_planks":2,"gravestone:gravestone":12,"minecraft:acacia_slab":2,"minecraft:kelp":1,"regions_unexplored:blue_bioshroom_block":1,"minecraft:spawner":15,"minecraft:furnace":1,"minecraft:iron_ore":70,"regions_unexplored:larch_leaves":58,"minecraft:bookshelf":2,"regions_unexplored:medium_grass":8,"regions_unexplored:larch_log":40,"minecraft:stone":95,"minecraft:white_wool":6,"minecraft:green_bed":1,"jeg:scrap_ore":18,"minecraft:kelp_plant":9,"regions_unexplored:pink_bioshroom":2,"minecraft:crafting_table":1,"regions_unexplored:peat_grass_block":3,"minecraft:tall_grass":1,"minecraft:cobblestone":4,"minecraft:wall_torch":1,"minecraft:birch_planks":10,"minecraft:birch_log":7,"minecraft:grass":3,"minecraft:coal_ore":98,"regions_unexplored:blue_bioshroom_stem":2,"regions_unexplored:peat_dirt":1,"minecraft:dirt":2,"minecraft:yellow_stained_glass":2},"minecraft:used":{"minecraft:iron_shovel":1,"minecraft:flint_and_steel":35,"minecraft:shield":26,"minecraft:iron_sword":238,"minecraft:zombie_spawn_egg":2,"minecraft:cooked_salmon":2,"minecraft:rotten_flesh":9,"minecraft:torch":53,"minecraft:dirt":3,"minecraft:carrot":1,"minecraft:diamond_helmet":1,"minecraft:iron_axe":61,"minecraft:furnace":2,"minecraft:cooked_cod":1,"minecraft:cooked_beef":8,"minecraft:birch_planks":25,"minecraft:stone_pickaxe":107,"regions_unexplored:peat_dirt":1,"minecraft:wooden_pickaxe":21,"minecraft:chainmail_helmet":1,"minecraft:green_bed":1,"minecraft:crafting_table":3,"enemyexpansion:botfly_spawn_egg":1,"regions_unexplored:pink_bioshroom":1,"minecraft:bread":14,"minecraft:melon_slice":3,"minecraft:iron_pickaxe":225,"jeg:scrap_workbench":1,"minecraft:cobblestone":51,"minecraft:cooked_porkchop":7}},"DataVersion":3465}