{"stats":{"minecraft:broken":{"minecraft:stone_pickaxe":1},"minecraft:dropped":{"minecraft:rotten_flesh":1,"minecraft:feather":6,"jeg:scrap":4,"minecraft:gunpowder":6,"apotheosis:gem":1,"minecraft:pumpkin":2,"gravestone:obituary":6,"minecraft:diamond_boots":1,"minecraft:arrow":2,"minecraft:wooden_pickaxe":1,"minecraft:iron_pickaxe":1,"minecraft:chainmail_leggings":1,"minecraft:dark_oak_planks":1},"minecraft:killed":{"minecraft:parrot":1,"minecraft:pig":3,"alexsmobs:raccoon":1,"minecraft:spider":1,"alexsmobs:seagull":1,"minecraft:zombie":7,"enemyexpansion:botfly":2,"alexsmobs:fly":2},"minecraft:killed_by":{"minecraft:zombie":11,"minecraft:witch":1,"minecraft:pillager":1},"minecraft:picked_up":{"minecraft:birch_log":7,"regions_unexplored:peat_dirt":2,"minecraft:crafting_table":1,"enemyexpansion:botfly_spawn_egg":1,"minecraft:feather":6,"minecraft:chainmail_boots":1,"minecraft:turtle_helmet":1,"regions_unexplored:blue_bioshroom_stem":2,"minecraft:birch_planks":10,"alexsmobs:cachalot_whale_tooth":1,"regions_unexplored:blue_bioshroom":2,"gravestone:obituary":2,"jeg:scrap":36,"minecraft:dirt":2,"minecraft:leather_boots":1,"minecraft:iron_shovel":1,"minecraft:wheat_seeds":1,"regions_unexplored:pink_bioshroom":2,"regions_unexplored:larch_log":14,"minecraft:iron_pickaxe":2,"minecraft:iron_sword":1,"jeg:tech_trash":5,"minecraft:iron_boots":1,"minecraft:furnace":1,"minecraft:stick":2,"minecraft:raw_iron":45,"apotheosis:gem":1,"minecraft:pumpkin":2,"minecraft:torch":1,"minecraft:porkchop":7,"minecraft:ink_sac":2,"minecraft:carrot":1,"minecraft:dark_oak_planks":1,"minecraft:zombie_spawn_egg":2,"minecraft:arrow":2,"minecraft:rotten_flesh":17,"regions_unexplored:green_bioshroom":1,"minecraft:chainmail_leggings":2,"minecraft:bread":7,"alexsmobs:maggot":1,"minecraft:white_wool":6,"minecraft:coal":69,"minecraft:cobblestone":67},"minecraft:crafted":{"minecraft:cooked_porkchop":7,"minecraft:crafting_table":1,"minecraft:wooden_pickaxe":1,"minecraft:iron_sword":1,"minecraft:furnace":1,"regions_unexplored:larch_planks":12,"minecraft:birch_planks":28,"minecraft:air":0,"minecraft:diamond_helmet":1,"minecraft:diamond_leggings":1,"minecraft:shield":1,"minecraft:stick":20,"minecraft:iron_ingot":8,"minecraft:iron_pickaxe":1,"minecraft:stone_pickaxe":1,"minecraft:torch":52,"minecraft:diamond_chestplate":1},"minecraft:custom":{"minecraft:interact_with_furnace":6,"spartanshields:shield_bash_hits":3,"minecraft:mob_kills":18,"minecraft:interact_with_crafting_table":15,"minecraft:open_barrel":19,"minecraft:damage_dealt_resisted":0,"minecraft:time_since_death":0,"minecraft:climb_one_cm":13238,"minecraft:time_since_rest":14,"minecraft:sprint_one_cm":303749,"minecraft:damage_taken":5100,"minecraft:walk_one_cm":167798,"minecraft:damage_blocked_by_shield":879,"minecraft:drop":23,"minecraft:damage_dealt":2689,"minecraft:swim_one_cm":61945,"minecraft:fly_one_cm":143761,"minecraft:open_chest":8,"minecraft:crouch_one_cm":1301,"minecraft:play_time":73135,"minecraft:deaths":14,"minecraft:sneak_time":383,"minecraft:walk_under_water_one_cm":8369,"minecraft:jump":903,"minecraft:walk_on_water_one_cm":24991,"minecraft:total_world_time":73135,"minecraft:fall_one_cm":48067,"minecraft:inspect_dispenser":1},"minecraft:mined":{"regions_unexplored:green_bioshroom":1,"regions_unexplored:golden_larch_leaves":2,"jeg:scrap_ore":18,"minecraft:kelp_plant":9,"regions_unexplored:pink_bioshroom":2,"minecraft:crafting_table":1,"gravestone:gravestone":8,"regions_unexplored:peat_grass_block":1,"minecraft:cobblestone":2,"minecraft:tall_grass":1,"minecraft:acacia_slab":2,"minecraft:kelp":1,"minecraft:wall_torch":1,"minecraft:spawner":13,"regions_unexplored:blue_bioshroom_block":1,"minecraft:birch_planks":10,"minecraft:furnace":1,"minecraft:birch_log":7,"minecraft:iron_ore":45,"regions_unexplored:larch_leaves":53,"minecraft:grass":3,"minecraft:bookshelf":2,"minecraft:coal_ore":64,"regions_unexplored:blue_bioshroom_stem":2,"regions_unexplored:peat_dirt":1,"regions_unexplored:medium_grass":7,"minecraft:stone":65,"minecraft:yellow_stained_glass":2,"minecraft:white_wool":6},"minecraft:used":{"minecraft:birch_planks":25,"minecraft:stone_pickaxe":107,"minecraft:shield":3,"minecraft:wooden_pickaxe":21,"minecraft:chainmail_helmet":1,"minecraft:iron_sword":95,"minecraft:zombie_spawn_egg":1,"minecraft:rotten_flesh":6,"minecraft:torch":28,"minecraft:dirt":2,"minecraft:crafting_table":2,"minecraft:carrot":1,"enemyexpansion:botfly_spawn_egg":1,"minecraft:diamond_helmet":1,"regions_unexplored:pink_bioshroom":1,"minecraft:bread":3,"minecraft:iron_pickaxe":131,"minecraft:cobblestone":49,"minecraft:furnace":1,"minecraft:cooked_porkchop":7}},"DataVersion":3465}