{"stats":{"minecraft:killed":{"alexsmobs:raccoon":1,"minecraft:spider":3,"minecraft:vindicator":1,"alexsmobs:seagull":1,"enemyexpansion:direwolf":3,"minecraft:skeleton":3,"jeg:ghoul":1,"minecraft:parrot":2,"minecraft:pig":3,"minecraft:pillager":2,"minecraft:zombie":20,"enemyexpansion:botfly":4,"alexsmobs:fly":2,"enemyexpansion:wasp":2},"minecraft:custom":{"minecraft:interact_with_anvil":1,"minecraft:mob_kills":49,"minecraft:interact_with_crafting_table":26,"minecraft:open_barrel":39,"minecraft:damage_dealt_resisted":106,"minecraft:leave_game":4,"minecraft:time_since_death":14005,"minecraft:climb_one_cm":15380,"minecraft:damage_resisted":0,"minecraft:sprint_one_cm":1005710,"minecraft:walk_one_cm":591184,"minecraft:damage_blocked_by_shield":2939,"minecraft:drop":89,"minecraft:talked_to_villager":1,"minecraft:play_time":256979,"minecraft:deaths":28,"minecraft:sneak_time":384,"minecraft:walk_under_water_one_cm":14353,"minecraft:boat_one_cm":84254,"minecraft:jump":4488,"minecraft:walk_on_water_one_cm":53832,"minecraft:total_world_time":256979,"minecraft:interact_with_furnace":28,"spartanshields:shield_bash_hits":28,"minecraft:traded_with_villager":16,"minecraft:sleep_in_bed":9,"minecraft:time_since_rest":14034,"minecraft:damage_taken":13055,"minecraft:trigger_trapped_chest":1,"minecraft:damage_dealt":9512,"minecraft:swim_one_cm":151872,"minecraft:player_kills":2,"minecraft:fly_one_cm":735309,"minecraft:open_chest":40,"minecraft:crouch_one_cm":1301,"minecraft:fall_one_cm":139364,"minecraft:inspect_dispenser":1},"minecraft:picked_up":{"minecraft:crafting_table":1,"minecraft:chainmail_boots":1,"regions_unexplored:larch_planks":27,"minecraft:turtle_helmet":2,"regions_unexplored:blue_bioshroom":2,"gravestone:obituary":7,"minecraft:iron_leggings":1,"minecraft:moss_carpet":2,"minecraft:raw_copper":32,"minecraft:cornflower":1,"minecraft:string":1,"minecraft:cooked_salmon":1,"minecraft:flint_and_steel":1,"minecraft:item_frame":2,"minecraft:white_carpet":1,"minecraft:iron_shovel":2,"jeg:revolver":2,"minecraft:spruce_planks":5,"minecraft:beef":16,"minecraft:jungle_sapling":2,"regions_unexplored:larch_log":61,"minecraft:azalea":2,"minecraft:iron_pickaxe":3,"minecraft:melon_slice":66,"regions_unexplored:blue_bioshroom_planks":4,"minecraft:furnace":1,"minecraft:iron_boots":1,"minecraft:stick":4,"minecraft:raw_iron":71,"apotheosis:gem":5,"jeg:pistol_ammo":30,"minecraft:torch":7,"minecraft:green_bed":2,"minecraft:porkchop":7,"minecraft:carrot":1,"minecraft:dark_oak_planks":3,"minecraft:zombie_spawn_egg":6,"minecraft:arrow":2,"minecraft:rotten_flesh":25,"regions_unexplored:green_bioshroom":1,"minecraft:carved_pumpkin":2,"minecraft:gold_ingot":5,"minecraft:white_wool":6,"minecraft:cobblestone":114,"minecraft:birch_log":7,"regions_unexplored:peat_dirt":5,"enemyexpansion:botfly_spawn_egg":1,"minecraft:feather":7,"minecraft:cherry_planks":1,"regions_unexplored:blue_bioshroom_stem":2,"minecraft:potato":1,"minecraft:birch_planks":10,"alexsmobs:cachalot_whale_tooth":1,"jeg:scrap":36,"minecraft:cobblestone_wall":3,"minecraft:dirt":3,"jeg:grenade":3,"minecraft:leather_boots":1,"minecraft:red_carpet":8,"minecraft:bow":3,"minecraft:wheat_seeds":16,"jeg:shotgun_shell":4,"regions_unexplored:pink_bioshroom":2,"jeg:tech_trash":10,"minecraft:iron_sword":3,"minecraft:book":15,"minecraft:vindicator_spawn_egg":2,"minecraft:pumpkin":2,"minecraft:ink_sac":4,"minecraft:white_bed":5,"minecraft:lily_of_the_valley":2,"alexsmobs:animal_dictionary":2,"minecraft:trapped_chest":1,"jeg:handmade_shell":15,"minecraft:diamond":21,"minecraft:chainmail_leggings":2,"minecraft:emerald":18,"minecraft:bread":7,"alexsmobs:maggot":3,"regions_unexplored:larch_boat":2,"minecraft:coal":103},"minecraft:broken":{"minecraft:flint_and_steel":1,"minecraft:stone_pickaxe":1,"minecraft:shield":1,"minecraft:iron_pickaxe":1},"minecraft:dropped":{"minecraft:iron_ingot":3,"minecraft:vindicator_spawn_egg":1,"minecraft:iron_sword":4,"minecraft:wheat_seeds":1,"minecraft:cooked_beef":1,"regions_unexplored:larch_planks":13,"minecraft:cobblestone":27,"minecraft:feather":7,"jeg:scrap":4,"minecraft:red_carpet":7,"minecraft:stick":5,"regions_unexplored:blue_bioshroom_stem":2,"minecraft:ink_sac":2,"minecraft:melon_slice":3,"minecraft:cooked_salmon":1,"minecraft:jungle_sapling":1,"gravestone:obituary":16,"minecraft:pumpkin":2,"minecraft:iron_pickaxe":2,"minecraft:iron_shovel":1,"minecraft:chainmail_leggings":1,"minecraft:string":1,"minecraft:dark_oak_planks":1,"minecraft:white_wool":6,"jeg:tech_trash":5,"minecraft:zombie_spawn_egg":3,"regions_unexplored:larch_log":1,"alexsmobs:animal_dictionary":3,"minecraft:cobblestone_wall":1,"minecraft:rotten_flesh":4,"minecraft:iron_boots":1,"spartanweaponry:bolt":2,"minecraft:flint_and_steel":1,"regions_unexplored:peat_dirt":1,"jeg:revolver":1,"minecraft:turtle_helmet":1,"minecraft:shield":1,"minecraft:gunpowder":6,"apotheosis:gem":1,"minecraft:diamond_boots":2,"minecraft:arrow":2,"minecraft:bow":3,"minecraft:wooden_pickaxe":1,"jeg:pistol_ammo":1},"minecraft:used":{"minecraft:iron_shovel":28,"minecraft:flint_and_steel":99,"minecraft:carved_pumpkin":2,"minecraft:shield":42,"minecraft:iron_sword":363,"minecraft:zombie_spawn_egg":2,"minecraft:cooked_salmon":2,"minecraft:rotten_flesh":9,"minecraft:torch":77,"minecraft:dirt":3,"minecraft:white_carpet":1,"minecraft:carrot":1,"minecraft:diamond_helmet":1,"jeg:grenade":3,"minecraft:jungle_sapling":1,"minecraft:dark_oak_planks":2,"minecraft:iron_axe":143,"minecraft:item_frame":2,"regions_unexplored:larch_planks":141,"minecraft:furnace":2,"minecraft:cooked_cod":1,"jeg:revolver":25,"minecraft:cooked_beef":20,"minecraft:birch_planks":25,"minecraft:stone_pickaxe":107,"regions_unexplored:peat_dirt":2,"minecraft:wooden_pickaxe":21,"minecraft:cherry_planks":1,"minecraft:chainmail_helmet":1,"regions_unexplored:larch_boat":1,"minecraft:green_bed":1,"minecraft:crafting_table":5,"enemyexpansion:botfly_spawn_egg":1,"minecraft:white_bed":4,"regions_unexplored:pink_bioshroom":1,"minecraft:bread":30,"minecraft:melon_slice":53,"minecraft:iron_pickaxe":266,"jeg:scrap_workbench":1,"regions_unexplored:blue_bioshroom_planks":4,"minecraft:cobblestone":68,"minecraft:cooked_porkchop":7},"minecraft:killed_by":{"minecraft:player":1,"minecraft:creeper":1,"minecraft:pillager":1,"minecraft:vindicator":5,"minecraft:skeleton":4,"minecraft:zombie":13,"minecraft:witch":1},"minecraft:crafted":{"minecraft:furnace":1,"regions_unexplored:larch_planks":196,"minecraft:diamond_helmet":1,"minecraft:diamond_leggings":1,"jeg:scrap_workbench":1,"minecraft:iron_axe":1,"minecraft:stone_pickaxe":1,"minecraft:cooked_beef":27,"minecraft:cooked_porkchop":7,"minecraft:crafting_table":4,"minecraft:wooden_pickaxe":1,"minecraft:iron_sword":2,"minecraft:copper_ingot":24,"minecraft:birch_planks":28,"minecraft:bread":96,"minecraft:air":0,"jeg:scrap_block":1,"minecraft:shield":2,"minecraft:stick":40,"minecraft:iron_ingot":45,"minecraft:iron_pickaxe":2,"minecraft:torch":116,"minecraft:diamond_chestplate":1},"minecraft:mined":{"minecraft:dark_oak_planks":2,"regions_unexplored:green_bioshroom":1,"minecraft:red_carpet":1,"regions_unexplored:golden_larch_leaves":2,"minecraft:white_bed":5,"minecraft:jungle_leaves":1,"regions_unexplored:cattail":31,"minecraft:cave_vines_plant":1,"regions_unexplored:larch_planks":37,"gravestone:gravestone":21,"minecraft:grass_block":8,"minecraft:decorated_pot":1,"minecraft:acacia_slab":2,"minecraft:moss_block":2,"minecraft:kelp":1,"minecraft:spawner":15,"regions_unexplored:blue_bioshroom_block":1,"minecraft:large_fern":2,"minecraft:black_stained_glass_pane":2,"minecraft:furnace":1,"minecraft:iron_ore":71,"regions_unexplored:larch_leaves":63,"minecraft:bookshelf":2,"regions_unexplored:medium_grass":13,"regions_unexplored:larch_log":47,"minecraft:stone":116,"minecraft:white_wool":6,"minecraft:green_bed":1,"minecraft:podzol":1,"jeg:scrap_ore":18,"minecraft:glass_pane":8,"minecraft:kelp_plant":9,"regions_unexplored:pink_bioshroom":2,"minecraft:crafting_table":2,"minecraft:torch":1,"regions_unexplored:peat_grass_block":4,"minecraft:copper_ore":8,"minecraft:tall_grass":5,"minecraft:cobblestone":4,"minecraft:wall_torch":6,"minecraft:birch_planks":10,"minecraft:cobblestone_wall":1,"minecraft:birch_log":7,"regions_unexplored:blue_bioshroom_planks":1,"minecraft:wheat":4,"minecraft:grass":11,"minecraft:black_wool":3,"minecraft:coal_ore":100,"regions_unexplored:blue_bioshroom_stem":2,"minecraft:cherry_leaves":1,"regions_unexplored:peat_dirt":1,"minecraft:dirt":20,"minecraft:yellow_stained_glass":2,"minecraft:oak_leaves":4,"minecraft:fern":3}},"DataVersion":3465}