{"stats":{"minecraft:broken":{"minecraft:stone_pickaxe":1},"minecraft:dropped":{"minecraft:zombie_spawn_egg":1,"minecraft:rotten_flesh":1,"minecraft:feather":7,"jeg:scrap":4,"regions_unexplored:peat_dirt":1,"minecraft:gunpowder":6,"minecraft:cooked_salmon":1,"apotheosis:gem":1,"minecraft:pumpkin":2,"gravestone:obituary":6,"minecraft:diamond_boots":2,"minecraft:arrow":2,"minecraft:wooden_pickaxe":1,"minecraft:iron_pickaxe":1,"minecraft:iron_shovel":1,"minecraft:chainmail_leggings":1,"minecraft:dark_oak_planks":1},"minecraft:killed":{"minecraft:parrot":2,"minecraft:pig":3,"alexsmobs:raccoon":1,"minecraft:spider":1,"alexsmobs:seagull":1,"minecraft:pillager":2,"minecraft:zombie":13,"enemyexpansion:botfly":2,"alexsmobs:fly":2},"minecraft:killed_by":{"minecraft:skeleton":1,"minecraft:zombie":11,"minecraft:witch":1,"minecraft:pillager":1},"minecraft:picked_up":{"minecraft:birch_log":7,"regions_unexplored:peat_dirt":3,"minecraft:crafting_table":1,"enemyexpansion:botfly_spawn_egg":1,"minecraft:feather":7,"minecraft:chainmail_boots":1,"minecraft:turtle_helmet":1,"regions_unexplored:blue_bioshroom_stem":2,"minecraft:birch_planks":10,"alexsmobs:cachalot_whale_tooth":1,"regions_unexplored:blue_bioshroom":2,"gravestone:obituary":2,"jeg:scrap":36,"minecraft:cooked_salmon":1,"minecraft:dirt":2,"minecraft:leather_boots":1,"minecraft:iron_shovel":2,"minecraft:wheat_seeds":1,"regions_unexplored:pink_bioshroom":2,"regions_unexplored:larch_log":14,"minecraft:iron_pickaxe":2,"minecraft:melon_slice":3,"minecraft:iron_sword":1,"jeg:tech_trash":5,"minecraft:iron_boots":1,"minecraft:furnace":1,"minecraft:stick":2,"minecraft:raw_iron":45,"apotheosis:gem":1,"minecraft:pumpkin":2,"minecraft:green_bed":1,"minecraft:torch":1,"minecraft:porkchop":7,"minecraft:ink_sac":2,"minecraft:carrot":1,"minecraft:dark_oak_planks":1,"minecraft:zombie_spawn_egg":4,"minecraft:arrow":2,"minecraft:rotten_flesh":20,"regions_unexplored:green_bioshroom":1,"minecraft:chainmail_leggings":2,"minecraft:bread":7,"alexsmobs:maggot":1,"minecraft:white_wool":6,"minecraft:coal":76,"minecraft:cobblestone":69},"minecraft:custom":{"minecraft:interact_with_furnace":13,"spartanshields:shield_bash_hits":13,"minecraft:mob_kills":27,"minecraft:interact_with_crafting_table":16,"minecraft:open_barrel":39,"minecraft:damage_dealt_resisted":0,"minecraft:time_since_death":1286,"minecraft:sleep_in_bed":1,"minecraft:climb_one_cm":14557,"minecraft:time_since_rest":1313,"minecraft:sprint_one_cm":399515,"minecraft:damage_taken":6676,"minecraft:walk_one_cm":228993,"minecraft:damage_blocked_by_shield":1794,"minecraft:drop":29,"minecraft:damage_dealt":5122,"minecraft:swim_one_cm":94133,"minecraft:fly_one_cm":211401,"minecraft:open_chest":17,"minecraft:crouch_one_cm":1301,"minecraft:play_time":97135,"minecraft:deaths":15,"minecraft:sneak_time":383,"minecraft:walk_under_water_one_cm":10031,"minecraft:jump":1282,"minecraft:walk_on_water_one_cm":32311,"minecraft:total_world_time":97135,"minecraft:fall_one_cm":57426,"minecraft:inspect_dispenser":1},"minecraft:crafted":{"minecraft:cooked_beef":11,"minecraft:cooked_porkchop":7,"minecraft:crafting_table":1,"minecraft:wooden_pickaxe":1,"minecraft:iron_sword":1,"minecraft:furnace":1,"regions_unexplored:larch_planks":12,"minecraft:birch_planks":28,"minecraft:air":0,"minecraft:diamond_helmet":1,"minecraft:diamond_leggings":1,"minecraft:shield":1,"minecraft:iron_axe":1,"minecraft:stick":20,"minecraft:iron_ingot":27,"minecraft:iron_pickaxe":1,"minecraft:stone_pickaxe":1,"minecraft:torch":52,"minecraft:diamond_chestplate":1},"minecraft:mined":{"regions_unexplored:green_bioshroom":1,"regions_unexplored:golden_larch_leaves":2,"jeg:scrap_ore":18,"minecraft:kelp_plant":9,"regions_unexplored:pink_bioshroom":2,"regions_unexplored:larch_planks":1,"minecraft:crafting_table":1,"gravestone:gravestone":9,"regions_unexplored:peat_grass_block":2,"minecraft:cobblestone":4,"minecraft:tall_grass":1,"minecraft:acacia_slab":2,"minecraft:kelp":1,"minecraft:wall_torch":1,"minecraft:spawner":15,"regions_unexplored:blue_bioshroom_block":1,"minecraft:birch_planks":10,"minecraft:furnace":1,"minecraft:birch_log":7,"minecraft:iron_ore":45,"regions_unexplored:larch_leaves":53,"minecraft:grass":3,"minecraft:bookshelf":2,"minecraft:coal_ore":71,"regions_unexplored:blue_bioshroom_stem":2,"regions_unexplored:peat_dirt":1,"minecraft:dirt":1,"regions_unexplored:medium_grass":8,"minecraft:stone":69,"minecraft:yellow_stained_glass":2,"minecraft:white_wool":6,"minecraft:green_bed":1},"minecraft:used":{"minecraft:flint_and_steel":31,"minecraft:birch_planks":25,"minecraft:stone_pickaxe":107,"minecraft:shield":24,"minecraft:wooden_pickaxe":21,"minecraft:chainmail_helmet":1,"minecraft:iron_sword":224,"minecraft:zombie_spawn_egg":2,"minecraft:cooked_salmon":2,"minecraft:rotten_flesh":6,"minecraft:torch":28,"minecraft:dirt":2,"minecraft:crafting_table":2,"minecraft:carrot":1,"enemyexpansion:botfly_spawn_egg":1,"minecraft:diamond_helmet":1,"regions_unexplored:pink_bioshroom":1,"minecraft:iron_axe":3,"minecraft:melon_slice":3,"minecraft:bread":14,"minecraft:iron_pickaxe":146,"minecraft:cobblestone":51,"minecraft:cooked_cod":1,"minecraft:furnace":2,"minecraft:cooked_porkchop":7,"minecraft:cooked_beef":5}},"DataVersion":3465}