{"stats":{"minecraft:broken":{"minecraft:stone_pickaxe":1},"minecraft:dropped":{"gravestone:obituary":2,"jeg:scrap":4},"minecraft:killed":{"minecraft:zombie":6,"minecraft:pig":3,"enemyexpansion:botfly":2,"minecraft:spider":1,"alexsmobs:fly":2,"alexsmobs:seagull":1},"minecraft:killed_by":{"minecraft:witch":1},"minecraft:picked_up":{"minecraft:birch_log":7,"minecraft:crafting_table":1,"enemyexpansion:botfly_spawn_egg":1,"minecraft:chainmail_boots":1,"minecraft:raw_iron":36,"minecraft:feather":1,"minecraft:turtle_helmet":1,"regions_unexplored:blue_bioshroom_stem":2,"minecraft:birch_planks":10,"minecraft:porkchop":7,"regions_unexplored:blue_bioshroom":2,"jeg:scrap":17,"minecraft:carrot":1,"minecraft:dirt":2,"minecraft:iron_shovel":1,"minecraft:zombie_spawn_egg":2,"minecraft:leather_boots":1,"minecraft:rotten_flesh":14,"regions_unexplored:green_bioshroom":1,"regions_unexplored:pink_bioshroom":2,"alexsmobs:maggot":1,"minecraft:coal":69,"minecraft:cobblestone":61,"minecraft:furnace":1},"minecraft:crafted":{"minecraft:cooked_porkchop":7,"minecraft:stick":20,"minecraft:iron_ingot":8,"minecraft:wooden_pickaxe":1,"minecraft:iron_pickaxe":1,"minecraft:stone_pickaxe":1,"minecraft:iron_sword":1,"minecraft:furnace":1,"minecraft:birch_planks":28,"minecraft:torch":52,"minecraft:air":0},"minecraft:custom":{"minecraft:time_since_rest":16857,"minecraft:interact_with_furnace":6,"minecraft:sprint_one_cm":104217,"minecraft:damage_taken":744,"minecraft:walk_one_cm":91411,"minecraft:mob_kills":15,"minecraft:drop":6,"minecraft:damage_dealt":2032,"minecraft:interact_with_crafting_table":11,"minecraft:fly_one_cm":87231,"minecraft:crouch_one_cm":1301,"minecraft:play_time":37135,"minecraft:deaths":2,"minecraft:sneak_time":383,"minecraft:jump":651,"minecraft:damage_dealt_resisted":0,"minecraft:time_since_death":16830,"minecraft:total_world_time":37135,"minecraft:fall_one_cm":17953},"minecraft:mined":{"regions_unexplored:green_bioshroom":1,"minecraft:birch_planks":10,"jeg:scrap_ore":5,"minecraft:furnace":1,"minecraft:birch_log":7,"minecraft:iron_ore":36,"regions_unexplored:pink_bioshroom":2,"minecraft:crafting_table":1,"gravestone:gravestone":2,"minecraft:grass":3,"minecraft:coal_ore":64,"regions_unexplored:blue_bioshroom_stem":2,"minecraft:tall_grass":1,"regions_unexplored:medium_grass":5,"minecraft:stone":61,"regions_unexplored:blue_bioshroom_block":1},"minecraft:used":{"minecraft:birch_planks":25,"minecraft:stone_pickaxe":107,"minecraft:iron_pickaxe":84,"minecraft:wooden_pickaxe":21,"minecraft:zombie_spawn_egg":1,"minecraft:iron_sword":49,"minecraft:rotten_flesh":2,"minecraft:torch":28,"minecraft:dirt":2,"minecraft:cobblestone":28,"minecraft:cooked_porkchop":3,"enemyexpansion:botfly_spawn_egg":1,"minecraft:furnace":1,"regions_unexplored:pink_bioshroom":1}},"DataVersion":3465}