{"stats":{"minecraft:killed":{"alexsmobs:raccoon":1,"minecraft:vindicator":1,"minecraft:spider":3,"alexsmobs:seagull":1,"enemyexpansion:direwolf":3,"minecraft:skeleton":2,"minecraft:parrot":2,"minecraft:pig":3,"minecraft:pillager":2,"minecraft:zombie":19,"enemyexpansion:botfly":2,"alexsmobs:fly":2,"enemyexpansion:wasp":2},"minecraft:custom":{"minecraft:interact_with_anvil":1,"minecraft:mob_kills":44,"minecraft:interact_with_crafting_table":25,"minecraft:open_barrel":39,"minecraft:damage_dealt_resisted":106,"minecraft:leave_game":4,"minecraft:time_since_death":10886,"minecraft:climb_one_cm":14991,"minecraft:sprint_one_cm":792976,"minecraft:walk_one_cm":434100,"minecraft:damage_blocked_by_shield":2889,"minecraft:drop":68,"minecraft:talked_to_villager":1,"minecraft:play_time":190515,"minecraft:deaths":24,"minecraft:sneak_time":384,"minecraft:walk_under_water_one_cm":10031,"minecraft:jump":3282,"minecraft:walk_on_water_one_cm":32575,"minecraft:total_world_time":190515,"minecraft:interact_with_furnace":19,"spartanshields:shield_bash_hits":28,"minecraft:sleep_in_bed":9,"minecraft:time_since_rest":10915,"minecraft:damage_taken":10966,"minecraft:trigger_trapped_chest":1,"minecraft:damage_dealt":8171,"minecraft:swim_one_cm":97187,"minecraft:fly_one_cm":578591,"minecraft:player_kills":1,"minecraft:open_chest":31,"minecraft:crouch_one_cm":1301,"minecraft:fall_one_cm":115883,"minecraft:inspect_dispenser":1},"minecraft:picked_up":{"minecraft:crafting_table":1,"minecraft:chainmail_boots":1,"regions_unexplored:larch_planks":2,"minecraft:turtle_helmet":2,"regions_unexplored:blue_bioshroom":2,"gravestone:obituary":5,"minecraft:cornflower":1,"minecraft:string":1,"minecraft:cooked_salmon":1,"minecraft:flint_and_steel":1,"minecraft:white_carpet":1,"minecraft:item_frame":2,"minecraft:iron_shovel":2,"jeg:revolver":1,"minecraft:spruce_planks":5,"minecraft:beef":16,"regions_unexplored:larch_log":53,"minecraft:iron_pickaxe":3,"minecraft:melon_slice":66,"minecraft:furnace":1,"minecraft:iron_boots":1,"minecraft:stick":2,"minecraft:raw_iron":71,"apotheosis:gem":5,"minecraft:torch":1,"minecraft:green_bed":2,"minecraft:porkchop":7,"minecraft:carrot":1,"minecraft:dark_oak_planks":3,"minecraft:zombie_spawn_egg":6,"minecraft:arrow":2,"minecraft:rotten_flesh":23,"regions_unexplored:green_bioshroom":1,"minecraft:gold_ingot":5,"minecraft:white_wool":6,"minecraft:cobblestone":95,"minecraft:birch_log":7,"regions_unexplored:peat_dirt":4,"enemyexpansion:botfly_spawn_egg":1,"minecraft:feather":7,"regions_unexplored:blue_bioshroom_stem":2,"minecraft:birch_planks":10,"alexsmobs:cachalot_whale_tooth":1,"jeg:scrap":36,"minecraft:cobblestone_wall":2,"minecraft:dirt":3,"jeg:grenade":2,"minecraft:leather_boots":1,"minecraft:red_carpet":8,"minecraft:wheat_seeds":14,"jeg:shotgun_shell":4,"regions_unexplored:pink_bioshroom":2,"jeg:tech_trash":10,"minecraft:iron_sword":2,"minecraft:book":15,"minecraft:vindicator_spawn_egg":2,"minecraft:pumpkin":2,"minecraft:ink_sac":2,"minecraft:white_bed":5,"minecraft:lily_of_the_valley":2,"minecraft:trapped_chest":1,"minecraft:diamond":21,"minecraft:chainmail_leggings":2,"minecraft:emerald":1,"minecraft:bread":7,"alexsmobs:maggot":3,"minecraft:coal":103},"minecraft:broken":{"minecraft:flint_and_steel":1,"minecraft:stone_pickaxe":1,"minecraft:shield":1},"minecraft:dropped":{"minecraft:iron_ingot":3,"minecraft:vindicator_spawn_egg":1,"minecraft:iron_sword":3,"regions_unexplored:larch_planks":12,"minecraft:cobblestone":26,"minecraft:feather":7,"jeg:scrap":4,"minecraft:red_carpet":7,"minecraft:stick":1,"regions_unexplored:blue_bioshroom_stem":2,"minecraft:melon_slice":3,"minecraft:cooked_salmon":1,"gravestone:obituary":14,"minecraft:pumpkin":2,"minecraft:iron_pickaxe":2,"minecraft:chainmail_leggings":1,"minecraft:iron_shovel":1,"minecraft:dark_oak_planks":1,"minecraft:string":1,"minecraft:white_wool":6,"jeg:tech_trash":5,"minecraft:zombie_spawn_egg":3,"regions_unexplored:larch_log":1,"minecraft:rotten_flesh":4,"minecraft:iron_boots":1,"minecraft:flint_and_steel":1,"regions_unexplored:peat_dirt":1,"minecraft:turtle_helmet":1,"minecraft:shield":1,"minecraft:gunpowder":6,"apotheosis:gem":1,"minecraft:diamond_boots":2,"minecraft:arrow":2,"minecraft:wooden_pickaxe":1},"minecraft:used":{"minecraft:iron_shovel":24,"minecraft:flint_and_steel":99,"minecraft:shield":41,"minecraft:iron_sword":320,"minecraft:zombie_spawn_egg":2,"minecraft:cooked_salmon":2,"minecraft:rotten_flesh":9,"minecraft:torch":54,"minecraft:dirt":3,"minecraft:white_carpet":1,"minecraft:carrot":1,"minecraft:diamond_helmet":1,"minecraft:dark_oak_planks":2,"minecraft:iron_axe":75,"minecraft:item_frame":2,"regions_unexplored:larch_planks":19,"minecraft:furnace":2,"minecraft:cooked_cod":1,"minecraft:cooked_beef":8,"minecraft:birch_planks":25,"minecraft:stone_pickaxe":107,"regions_unexplored:peat_dirt":1,"minecraft:wooden_pickaxe":21,"minecraft:chainmail_helmet":1,"minecraft:green_bed":1,"minecraft:crafting_table":4,"enemyexpansion:botfly_spawn_egg":1,"minecraft:white_bed":4,"regions_unexplored:pink_bioshroom":1,"minecraft:bread":28,"minecraft:melon_slice":42,"minecraft:iron_pickaxe":230,"jeg:scrap_workbench":1,"minecraft:cobblestone":51,"minecraft:cooked_porkchop":7},"minecraft:killed_by":{"minecraft:pillager":1,"minecraft:vindicator":5,"minecraft:skeleton":2,"minecraft:witch":1,"minecraft:zombie":13},"minecraft:crafted":{"minecraft:furnace":1,"regions_unexplored:larch_planks":164,"minecraft:diamond_helmet":1,"minecraft:diamond_leggings":1,"jeg:scrap_workbench":1,"minecraft:iron_axe":1,"minecraft:stone_pickaxe":1,"minecraft:cooked_beef":27,"minecraft:cooked_porkchop":7,"minecraft:crafting_table":3,"minecraft:wooden_pickaxe":1,"minecraft:iron_sword":2,"minecraft:birch_planks":28,"minecraft:air":0,"jeg:scrap_block":1,"minecraft:shield":2,"minecraft:stick":36,"minecraft:iron_ingot":45,"minecraft:iron_pickaxe":1,"minecraft:torch":116,"minecraft:diamond_chestplate":1},"minecraft:mined":{"minecraft:dark_oak_planks":2,"regions_unexplored:green_bioshroom":1,"minecraft:red_carpet":1,"regions_unexplored:golden_larch_leaves":2,"minecraft:white_bed":5,"regions_unexplored:larch_planks":2,"gravestone:gravestone":15,"minecraft:grass_block":7,"minecraft:acacia_slab":2,"minecraft:kelp":1,"minecraft:spawner":15,"regions_unexplored:blue_bioshroom_block":1,"minecraft:furnace":1,"minecraft:iron_ore":71,"regions_unexplored:larch_leaves":61,"minecraft:bookshelf":2,"regions_unexplored:medium_grass":9,"regions_unexplored:larch_log":40,"minecraft:stone":95,"minecraft:white_wool":6,"minecraft:green_bed":1,"jeg:scrap_ore":18,"minecraft:glass_pane":8,"minecraft:kelp_plant":9,"regions_unexplored:pink_bioshroom":2,"minecraft:crafting_table":1,"regions_unexplored:peat_grass_block":3,"minecraft:tall_grass":1,"minecraft:cobblestone":4,"minecraft:wall_torch":1,"minecraft:birch_planks":10,"minecraft:cobblestone_wall":1,"minecraft:birch_log":7,"minecraft:wheat":4,"minecraft:black_wool":3,"minecraft:grass":6,"minecraft:coal_ore":100,"regions_unexplored:blue_bioshroom_stem":2,"minecraft:cherry_leaves":1,"regions_unexplored:peat_dirt":1,"minecraft:dirt":16,"minecraft:yellow_stained_glass":2,"minecraft:fern":3}},"DataVersion":3465}