{"stats":{"minecraft:broken":{"minecraft:stone_pickaxe":1},"minecraft:dropped":{"minecraft:rotten_flesh":1,"minecraft:feather":7,"jeg:scrap":4,"minecraft:gunpowder":6,"minecraft:cooked_salmon":1,"apotheosis:gem":1,"minecraft:pumpkin":2,"gravestone:obituary":6,"minecraft:diamond_boots":2,"minecraft:arrow":2,"minecraft:wooden_pickaxe":1,"minecraft:iron_pickaxe":1,"minecraft:iron_shovel":1,"minecraft:chainmail_leggings":1,"minecraft:dark_oak_planks":1},"minecraft:killed":{"minecraft:parrot":2,"minecraft:pig":3,"alexsmobs:raccoon":1,"minecraft:spider":1,"alexsmobs:seagull":1,"minecraft:pillager":2,"minecraft:zombie":10,"enemyexpansion:botfly":2,"alexsmobs:fly":2},"minecraft:killed_by":{"minecraft:zombie":11,"minecraft:witch":1,"minecraft:pillager":1},"minecraft:picked_up":{"minecraft:birch_log":7,"regions_unexplored:peat_dirt":2,"minecraft:crafting_table":1,"enemyexpansion:botfly_spawn_egg":1,"minecraft:feather":7,"minecraft:chainmail_boots":1,"minecraft:turtle_helmet":1,"regions_unexplored:blue_bioshroom_stem":2,"minecraft:birch_planks":10,"alexsmobs:cachalot_whale_tooth":1,"regions_unexplored:blue_bioshroom":2,"gravestone:obituary":2,"jeg:scrap":36,"minecraft:cooked_salmon":1,"minecraft:dirt":2,"minecraft:leather_boots":1,"minecraft:iron_shovel":2,"minecraft:wheat_seeds":1,"regions_unexplored:pink_bioshroom":2,"regions_unexplored:larch_log":14,"minecraft:iron_pickaxe":2,"minecraft:melon_slice":3,"minecraft:iron_sword":1,"jeg:tech_trash":5,"minecraft:iron_boots":1,"minecraft:furnace":1,"minecraft:stick":2,"minecraft:raw_iron":45,"apotheosis:gem":1,"minecraft:pumpkin":2,"minecraft:torch":1,"minecraft:porkchop":7,"minecraft:ink_sac":2,"minecraft:carrot":1,"minecraft:dark_oak_planks":1,"minecraft:zombie_spawn_egg":3,"minecraft:arrow":2,"minecraft:rotten_flesh":17,"regions_unexplored:green_bioshroom":1,"minecraft:chainmail_leggings":2,"minecraft:bread":7,"alexsmobs:maggot":1,"minecraft:white_wool":6,"minecraft:coal":69,"minecraft:cobblestone":69},"minecraft:crafted":{"minecraft:cooked_porkchop":7,"minecraft:crafting_table":1,"minecraft:wooden_pickaxe":1,"minecraft:iron_sword":1,"minecraft:furnace":1,"regions_unexplored:larch_planks":12,"minecraft:birch_planks":28,"minecraft:air":0,"minecraft:diamond_helmet":1,"minecraft:diamond_leggings":1,"minecraft:shield":1,"minecraft:stick":20,"minecraft:iron_ingot":8,"minecraft:iron_pickaxe":1,"minecraft:stone_pickaxe":1,"minecraft:torch":52,"minecraft:diamond_chestplate":1},"minecraft:custom":{"minecraft:interact_with_furnace":6,"spartanshields:shield_bash_hits":6,"minecraft:mob_kills":24,"minecraft:interact_with_crafting_table":15,"minecraft:open_barrel":39,"minecraft:damage_dealt_resisted":0,"minecraft:time_since_death":11989,"minecraft:sleep_in_bed":1,"minecraft:climb_one_cm":14557,"minecraft:time_since_rest":10866,"minecraft:sprint_one_cm":379025,"minecraft:damage_taken":5845,"minecraft:walk_one_cm":209792,"minecraft:damage_blocked_by_shield":1179,"minecraft:drop":27,"minecraft:damage_dealt":4271,"minecraft:swim_one_cm":70364,"minecraft:fly_one_cm":160694,"minecraft:open_chest":16,"minecraft:crouch_one_cm":1301,"minecraft:play_time":85135,"minecraft:deaths":14,"minecraft:sneak_time":383,"minecraft:walk_under_water_one_cm":9909,"minecraft:jump":1018,"minecraft:walk_on_water_one_cm":30350,"minecraft:total_world_time":85135,"minecraft:fall_one_cm":50440,"minecraft:inspect_dispenser":1},"minecraft:mined":{"regions_unexplored:green_bioshroom":1,"regions_unexplored:golden_larch_leaves":2,"jeg:scrap_ore":18,"minecraft:kelp_plant":9,"regions_unexplored:pink_bioshroom":2,"regions_unexplored:larch_planks":1,"minecraft:crafting_table":1,"gravestone:gravestone":9,"regions_unexplored:peat_grass_block":1,"minecraft:cobblestone":4,"minecraft:tall_grass":1,"minecraft:acacia_slab":2,"minecraft:kelp":1,"minecraft:wall_torch":1,"minecraft:spawner":15,"regions_unexplored:blue_bioshroom_block":1,"minecraft:birch_planks":10,"minecraft:furnace":1,"minecraft:birch_log":7,"minecraft:iron_ore":45,"regions_unexplored:larch_leaves":53,"minecraft:grass":3,"minecraft:bookshelf":2,"minecraft:coal_ore":64,"regions_unexplored:blue_bioshroom_stem":2,"regions_unexplored:peat_dirt":1,"regions_unexplored:medium_grass":7,"minecraft:stone":65,"minecraft:yellow_stained_glass":2,"minecraft:white_wool":6},"minecraft:used":{"minecraft:flint_and_steel":31,"minecraft:birch_planks":25,"minecraft:stone_pickaxe":107,"minecraft:shield":16,"minecraft:wooden_pickaxe":21,"minecraft:chainmail_helmet":1,"minecraft:iron_sword":187,"minecraft:zombie_spawn_egg":1,"minecraft:rotten_flesh":6,"minecraft:torch":28,"minecraft:dirt":2,"minecraft:crafting_table":2,"minecraft:carrot":1,"enemyexpansion:botfly_spawn_egg":1,"minecraft:diamond_helmet":1,"regions_unexplored:pink_bioshroom":1,"minecraft:melon_slice":3,"minecraft:bread":14,"minecraft:iron_pickaxe":135,"minecraft:cobblestone":51,"minecraft:cooked_cod":1,"minecraft:furnace":1,"minecraft:cooked_porkchop":7}},"DataVersion":3465}