{"stats":{"minecraft:broken":{"minecraft:shield":1},"minecraft:dropped":{"minecraft:diamond_axe":1,"minecraft:diamond":21,"regions_unexplored:larch_planks":1,"minecraft:feather":2,"minecraft:cobblestone":6,"minecraft:stick":3,"minecraft:melon_slice":61,"regions_unexplored:golden_larch_sapling":1,"gravestone:obituary":8,"alexsmobs:maggot":3,"minecraft:green_bed":1,"minecraft:rotten_flesh":5,"minecraft:iron_boots":1,"minecraft:gunpowder":1,"minecraft:diamond_pickaxe":1,"apotheosis:gem":1,"minecraft:beef":16,"minecraft:wooden_pickaxe":1},"minecraft:killed":{"alexsmobs:seagull":1,"minecraft:skeleton":1,"minecraft:parrot":3,"minecraft:zombie":2,"enemyexpansion:botfly":1},"minecraft:killed_by":{"minecraft:player":1,"minecraft:stray":1,"minecraft:drowned":1,"minecraft:skeleton":5,"minecraft:zombie":1},"minecraft:picked_up":{"minecraft:wheat":4,"regions_unexplored:larch_planks":11,"minecraft:oak_stairs":2,"jeg:scrap_workbench":1,"gravestone:obituary":2,"minecraft:shield":1,"minecraft:cyan_carpet":2,"minecraft:spruce_planks":6,"minecraft:beef":16,"regions_unexplored:larch_log":20,"minecraft:iron_pickaxe":1,"minecraft:melon_slice":125,"minecraft:iron_boots":1,"minecraft:raw_iron":45,"minecraft:stick":7,"apotheosis:gem":2,"minecraft:green_bed":3,"minecraft:carrot":1,"minecraft:dark_oak_planks":2,"minecraft:zombie_spawn_egg":2,"minecraft:arrow":2,"minecraft:rotten_flesh":6,"minecraft:pumpkin_pie":5,"minecraft:diamond_boots":1,"minecraft:hay_block":19,"minecraft:cobblestone":103,"alexsmobs:flying_fish":1,"minecraft:cod":1,"minecraft:white_wool":6,"regions_unexplored:golden_larch_sapling":2,"minecraft:birch_log":10,"regions_unexplored:peat_dirt":7,"minecraft:feather":7,"minecraft:tripwire_hook":1,"minecraft:salmon":1,"regions_unexplored:blue_bioshroom_stem":2,"minecraft:birch_planks":3,"jeg:scrap":3,"minecraft:bone":4,"minecraft:kelp":8,"minecraft:wheat_seeds":2,"minecraft:iron_ingot":3,"regions_unexplored:larch_sapling":1,"minecraft:oak_planks":5,"jeg:tech_trash":2,"minecraft:iron_sword":1,"minecraft:book":52,"minecraft:pumpkin":1,"minecraft:barrel":1,"minecraft:diamond":21,"minecraft:diamond_axe":1,"alexsmobs:maggot":4,"minecraft:baked_potato":11,"minecraft:acacia_slab":2,"minecraft:black_wool":6,"minecraft:coal":78,"minecraft:diamond_pickaxe":1},"minecraft:crafted":{"minecraft:furnace":2,"regions_unexplored:larch_planks":44,"minecraft:iron_boots":1,"minecraft:iron_axe":1,"minecraft:stone_pickaxe":1,"minecraft:chest":3,"minecraft:wheat":171,"minecraft:cooked_beef":19,"minecraft:diamond_sword":1,"minecraft:diamond_axe":1,"minecraft:crafting_table":3,"minecraft:wooden_pickaxe":1,"minecraft:iron_helmet":1,"minecraft:iron_sword":1,"minecraft:birch_planks":40,"minecraft:bread":57,"minecraft:air":0,"minecraft:iron_chestplate":1,"minecraft:diamond_pickaxe":1,"minecraft:shield":2,"minecraft:stick":16,"minecraft:iron_ingot":45,"minecraft:iron_pickaxe":1,"minecraft:iron_block":3,"minecraft:iron_leggings":1,"minecraft:anvil":1,"minecraft:white_bed":2},"minecraft:custom":{"minecraft:mob_kills":8,"minecraft:interact_with_anvil":4,"minecraft:interact_with_crafting_table":29,"minecraft:open_barrel":11,"minecraft:damage_dealt_resisted":0,"minecraft:leave_game":3,"minecraft:time_since_death":0,"minecraft:climb_one_cm":8553,"minecraft:damage_resisted":0,"minecraft:sprint_one_cm":397814,"minecraft:walk_one_cm":419331,"minecraft:damage_blocked_by_shield":2697,"minecraft:drop":37,"minecraft:play_time":138196,"minecraft:deaths":11,"minecraft:sneak_time":1819,"minecraft:walk_under_water_one_cm":37391,"minecraft:jump":2488,"minecraft:walk_on_water_one_cm":26078,"minecraft:total_world_time":138196,"minecraft:interact_with_furnace":17,"spartanshields:shield_bash_hits":2,"minecraft:sleep_in_bed":3,"minecraft:time_since_rest":83,"minecraft:damage_taken":4528,"minecraft:damage_dealt":939,"minecraft:swim_one_cm":75661,"minecraft:fly_one_cm":459322,"minecraft:open_chest":22,"minecraft:crouch_one_cm":6178,"minecraft:fall_one_cm":83801},"minecraft:mined":{"minecraft:dark_oak_planks":2,"minecraft:spruce_planks":6,"minecraft:ladder":1,"gravestone:gravestone":8,"minecraft:spawner":2,"minecraft:hay_block":19,"minecraft:iron_ore":45,"minecraft:barrel":1,"minecraft:fire":2,"minecraft:pumpkin":1,"regions_unexplored:larch_leaves":6,"minecraft:bookshelf":17,"regions_unexplored:larch_log":20,"minecraft:stone":62,"minecraft:green_bed":2,"jeg:scrap_ore":3,"regions_unexplored:peat_grass_block":4,"minecraft:melon":28,"minecraft:birch_planks":2,"jeg:scrap_workbench":1,"minecraft:birch_log":10,"minecraft:birch_leaves":2,"minecraft:black_wool":6,"minecraft:grass":2,"minecraft:coal_ore":35,"regions_unexplored:blue_bioshroom_stem":2,"regions_unexplored:peat_dirt":3,"minecraft:cyan_carpet":2,"minecraft:tripwire_hook":2,"regions_unexplored:viridescent_nylium":2},"minecraft:used":{"minecraft:trident":1,"minecraft:flint_and_steel":46,"minecraft:spruce_planks":4,"minecraft:chest":3,"minecraft:shield":12,"minecraft:iron_chestplate":1,"minecraft:anvil":1,"minecraft:carrot":1,"alexsmobs:maggot":1,"minecraft:iron_axe":95,"minecraft:iron_helmet":1,"minecraft:iron_boots":1,"minecraft:furnace":2,"minecraft:cooked_beef":1,"minecraft:iron_leggings":1,"minecraft:birch_planks":12,"minecraft:stone_pickaxe":99,"minecraft:baked_potato":10,"regions_unexplored:peat_dirt":7,"minecraft:wooden_pickaxe":31,"minecraft:diamond_axe":29,"minecraft:green_bed":2,"minecraft:crafting_table":3,"minecraft:white_bed":2,"minecraft:cod":2,"alexsmobs:flying_fish":1,"minecraft:melon_slice":22,"minecraft:bread":18,"minecraft:iron_pickaxe":23,"minecraft:cyan_carpet":1,"regions_unexplored:larch_log":2,"jeg:scrap_workbench":1,"minecraft:diamond_sword":5,"regions_unexplored:larch_sapling":1}},"DataVersion":3465}