{"stats":{"minecraft:killed":{"minecraft:vindicator":4,"alexsmobs:seagull":1,"minecraft:skeleton":1,"minecraft:parrot":3,"minecraft:zombie":2,"enemyexpansion:botfly":1},"minecraft:custom":{"minecraft:mob_kills":12,"minecraft:interact_with_anvil":4,"minecraft:interact_with_crafting_table":29,"minecraft:open_barrel":11,"minecraft:damage_dealt_resisted":10,"minecraft:leave_game":3,"minecraft:time_since_death":6649,"minecraft:climb_one_cm":8553,"minecraft:damage_resisted":0,"minecraft:sprint_one_cm":450559,"minecraft:walk_one_cm":569893,"minecraft:damage_blocked_by_shield":2697,"minecraft:drop":64,"minecraft:damage_dealt_absorbed":6,"minecraft:play_time":166464,"minecraft:deaths":21,"minecraft:sneak_time":2478,"minecraft:walk_under_water_one_cm":37391,"minecraft:jump":2760,"minecraft:walk_on_water_one_cm":26078,"minecraft:total_world_time":166464,"minecraft:interact_with_furnace":17,"spartanshields:shield_bash_hits":2,"minecraft:sleep_in_bed":3,"minecraft:time_since_rest":6703,"minecraft:damage_taken":7999,"minecraft:damage_dealt":2066,"minecraft:swim_one_cm":75661,"minecraft:fly_one_cm":492282,"minecraft:open_chest":38,"minecraft:crouch_one_cm":8636,"minecraft:fall_one_cm":93504},"minecraft:picked_up":{"minecraft:allium":3,"minecraft:wheat":4,"regions_unexplored:larch_planks":11,"minecraft:turtle_helmet":2,"minecraft:oak_stairs":4,"jeg:scrap_workbench":1,"gravestone:obituary":14,"minecraft:shield":1,"minecraft:string":2,"minecraft:iron_axe":2,"minecraft:cyan_carpet":2,"minecraft:spruce_planks":6,"minecraft:beef":16,"regions_unexplored:larch_log":20,"minecraft:iron_pickaxe":2,"minecraft:melon_slice":125,"minecraft:iron_boots":2,"minecraft:stick":7,"minecraft:raw_iron":45,"apotheosis:gem":2,"minecraft:torch":1,"minecraft:green_bed":3,"minecraft:cherry_log":1,"minecraft:carrot":1,"minecraft:dark_oak_planks":24,"minecraft:zombie_spawn_egg":2,"minecraft:arrow":2,"minecraft:rotten_flesh":11,"minecraft:pumpkin_pie":5,"minecraft:diamond_boots":1,"minecraft:hay_block":19,"regions_unexplored:golden_larch_sapling":2,"alexsmobs:flying_fish":1,"minecraft:cobblestone":103,"minecraft:cod":1,"minecraft:white_wool":6,"minecraft:birch_log":10,"minecraft:pink_petals":3,"regions_unexplored:peat_dirt":7,"minecraft:feather":7,"minecraft:tripwire_hook":1,"minecraft:salmon":1,"regions_unexplored:blue_bioshroom_stem":2,"minecraft:birch_planks":11,"jeg:scrap":3,"minecraft:dirt":27,"minecraft:red_carpet":6,"minecraft:bone":5,"minecraft:kelp":8,"minecraft:wheat_seeds":13,"minecraft:iron_ingot":3,"regions_unexplored:larch_sapling":1,"minecraft:bamboo":18,"jeg:tech_trash":2,"minecraft:oak_planks":5,"minecraft:iron_sword":1,"minecraft:book":55,"minecraft:pumpkin":1,"minecraft:dark_oak_log":18,"minecraft:barrel":1,"minecraft:diamond":21,"minecraft:diamond_axe":2,"minecraft:emerald":1,"minecraft:bread":2,"alexsmobs:maggot":4,"minecraft:baked_potato":11,"minecraft:acacia_slab":2,"minecraft:black_wool":6,"minecraft:dark_oak_fence":2,"minecraft:coal":78,"minecraft:diamond_pickaxe":1},"minecraft:broken":{"minecraft:shield":1},"minecraft:dropped":{"minecraft:wheat_seeds":10,"minecraft:diamond_axe":1,"minecraft:diamond":21,"regions_unexplored:larch_planks":1,"minecraft:feather":2,"minecraft:cobblestone":6,"minecraft:stick":3,"minecraft:dirt":12,"minecraft:melon_slice":61,"regions_unexplored:golden_larch_sapling":1,"gravestone:obituary":22,"minecraft:pink_petals":3,"alexsmobs:maggot":3,"minecraft:green_bed":1,"minecraft:rotten_flesh":5,"minecraft:iron_boots":1,"minecraft:turtle_helmet":1,"minecraft:gunpowder":1,"minecraft:allium":2,"minecraft:diamond_pickaxe":1,"apotheosis:gem":1,"minecraft:bamboo":12,"minecraft:beef":16,"minecraft:wooden_pickaxe":1},"minecraft:used":{"minecraft:trident":1,"minecraft:flint_and_steel":46,"minecraft:chest":3,"minecraft:spruce_planks":4,"minecraft:shield":12,"minecraft:iron_chestplate":1,"minecraft:torch":1,"minecraft:dirt":3,"minecraft:anvil":1,"minecraft:carrot":1,"minecraft:dark_oak_planks":43,"alexsmobs:maggot":1,"minecraft:iron_axe":101,"minecraft:iron_helmet":1,"minecraft:iron_boots":1,"minecraft:furnace":2,"minecraft:cooked_beef":1,"minecraft:iron_leggings":1,"minecraft:birch_planks":12,"minecraft:stone_pickaxe":99,"minecraft:baked_potato":10,"regions_unexplored:peat_dirt":7,"minecraft:wooden_pickaxe":31,"minecraft:cherry_planks":3,"minecraft:diamond_axe":40,"minecraft:green_bed":2,"minecraft:crafting_table":3,"minecraft:white_bed":2,"minecraft:cod":2,"alexsmobs:flying_fish":1,"minecraft:dark_oak_log":2,"minecraft:melon_slice":22,"minecraft:bread":22,"minecraft:iron_pickaxe":23,"minecraft:cyan_carpet":1,"regions_unexplored:larch_log":2,"jeg:scrap_workbench":1,"minecraft:diamond_sword":6,"minecraft:cobblestone":4,"regions_unexplored:larch_sapling":1},"minecraft:killed_by":{"minecraft:player":1,"mca:female_zombie_villager":1,"minecraft:stray":1,"minecraft:drowned":1,"minecraft:vindicator":4,"minecraft:skeleton":5,"minecraft:zombie":5,"enemyexpansion:direwolf":1},"minecraft:crafted":{"minecraft:cherry_planks":4,"minecraft:furnace":2,"regions_unexplored:larch_planks":44,"minecraft:iron_boots":1,"minecraft:iron_axe":1,"minecraft:stone_pickaxe":1,"minecraft:chest":3,"minecraft:dark_oak_planks":52,"minecraft:wheat":171,"minecraft:cooked_beef":19,"minecraft:diamond_sword":1,"minecraft:diamond_axe":1,"minecraft:crafting_table":3,"minecraft:wooden_pickaxe":1,"minecraft:iron_helmet":1,"minecraft:iron_sword":1,"minecraft:birch_planks":40,"minecraft:bread":57,"minecraft:air":0,"minecraft:iron_chestplate":1,"minecraft:diamond_pickaxe":1,"minecraft:shield":2,"minecraft:stick":16,"minecraft:iron_ingot":45,"minecraft:iron_pickaxe":1,"minecraft:iron_block":3,"minecraft:iron_leggings":1,"minecraft:anvil":1,"minecraft:white_bed":2},"minecraft:mined":{"minecraft:dark_oak_planks":21,"minecraft:red_carpet":2,"minecraft:spruce_planks":6,"minecraft:dark_oak_leaves":5,"minecraft:dark_oak_log":13,"minecraft:cherry_log":1,"minecraft:jungle_leaves":1,"minecraft:carved_pumpkin":1,"gravestone:gravestone":16,"minecraft:ladder":1,"minecraft:spawner":2,"minecraft:hay_block":19,"minecraft:iron_ore":45,"minecraft:fire":3,"minecraft:barrel":1,"minecraft:pumpkin":1,"regions_unexplored:larch_leaves":6,"minecraft:bookshelf":17,"minecraft:bamboo":1,"regions_unexplored:larch_log":20,"minecraft:stone":62,"minecraft:green_bed":2,"jeg:scrap_ore":3,"minecraft:torch":2,"regions_unexplored:peat_grass_block":4,"minecraft:melon":28,"minecraft:pink_petals":1,"minecraft:birch_planks":5,"jeg:scrap_workbench":1,"minecraft:birch_log":10,"minecraft:white_carpet":1,"minecraft:birch_leaves":2,"minecraft:grass":7,"minecraft:black_wool":6,"minecraft:coal_ore":35,"regions_unexplored:blue_bioshroom_stem":2,"minecraft:cherry_leaves":2,"regions_unexplored:peat_dirt":3,"minecraft:cyan_carpet":2,"minecraft:tripwire_hook":2,"regions_unexplored:viridescent_nylium":2,"minecraft:fern":2}},"DataVersion":3465}