{"stats":{"minecraft:broken":{"minecraft:shield":1},"minecraft:dropped":{"minecraft:rotten_flesh":2,"minecraft:iron_boots":1,"apotheosis:gem":1,"gravestone:obituary":6,"minecraft:wooden_pickaxe":1},"minecraft:killed":{"minecraft:parrot":3,"minecraft:skeleton":1,"minecraft:zombie":2,"enemyexpansion:botfly":1},"minecraft:killed_by":{"minecraft:skeleton":4,"minecraft:stray":1,"minecraft:zombie":1,"minecraft:drowned":1},"minecraft:picked_up":{"minecraft:birch_log":10,"regions_unexplored:peat_dirt":2,"minecraft:feather":5,"regions_unexplored:larch_planks":1,"minecraft:tripwire_hook":1,"minecraft:salmon":1,"minecraft:birch_planks":2,"gravestone:obituary":1,"jeg:scrap_workbench":1,"jeg:scrap":3,"minecraft:bone":4,"minecraft:cyan_carpet":2,"minecraft:kelp":8,"minecraft:spruce_planks":6,"regions_unexplored:larch_log":16,"minecraft:iron_pickaxe":1,"minecraft:melon_slice":125,"jeg:tech_trash":2,"minecraft:iron_boots":1,"minecraft:stick":3,"minecraft:raw_iron":45,"apotheosis:gem":1,"minecraft:pumpkin":1,"minecraft:carrot":1,"minecraft:barrel":1,"minecraft:arrow":2,"minecraft:rotten_flesh":3,"minecraft:pumpkin_pie":5,"minecraft:diamond_boots":1,"minecraft:hay_block":19,"alexsmobs:maggot":3,"minecraft:baked_potato":11,"minecraft:acacia_slab":2,"regions_unexplored:golden_larch_sapling":1,"minecraft:cod":1,"minecraft:coal":34,"alexsmobs:flying_fish":1,"minecraft:cobblestone":57},"minecraft:crafted":{"minecraft:diamond_axe":1,"minecraft:crafting_table":2,"minecraft:wooden_pickaxe":1,"minecraft:iron_helmet":1,"minecraft:furnace":1,"regions_unexplored:larch_planks":16,"minecraft:birch_planks":40,"minecraft:bread":57,"minecraft:air":0,"minecraft:diamond_pickaxe":1,"minecraft:iron_boots":1,"minecraft:iron_chestplate":1,"minecraft:shield":1,"minecraft:iron_axe":1,"minecraft:stick":12,"minecraft:iron_ingot":45,"minecraft:iron_pickaxe":1,"minecraft:stone_pickaxe":1,"minecraft:chest":2,"minecraft:iron_leggings":1,"minecraft:wheat":171},"minecraft:custom":{"minecraft:interact_with_furnace":11,"spartanshields:shield_bash_hits":2,"minecraft:mob_kills":7,"minecraft:interact_with_crafting_table":18,"minecraft:open_barrel":11,"minecraft:damage_dealt_resisted":0,"minecraft:leave_game":2,"minecraft:time_since_death":2022,"minecraft:climb_one_cm":8439,"minecraft:damage_resisted":0,"minecraft:time_since_rest":2056,"minecraft:sprint_one_cm":185567,"minecraft:damage_taken":3261,"minecraft:walk_one_cm":255780,"minecraft:damage_blocked_by_shield":2637,"minecraft:drop":11,"minecraft:damage_dealt":859,"minecraft:swim_one_cm":65196,"minecraft:fly_one_cm":247202,"minecraft:open_chest":12,"minecraft:crouch_one_cm":1750,"minecraft:play_time":83700,"minecraft:deaths":8,"minecraft:sneak_time":854,"minecraft:walk_under_water_one_cm":30331,"minecraft:jump":1282,"minecraft:walk_on_water_one_cm":22248,"minecraft:total_world_time":83700,"minecraft:fall_one_cm":48782},"minecraft:mined":{"minecraft:spruce_planks":6,"jeg:scrap_ore":3,"gravestone:gravestone":6,"minecraft:ladder":1,"regions_unexplored:peat_grass_block":1,"minecraft:melon":28,"minecraft:spawner":2,"minecraft:hay_block":19,"minecraft:birch_planks":2,"jeg:scrap_workbench":1,"minecraft:fire":2,"minecraft:birch_log":10,"minecraft:iron_ore":45,"minecraft:barrel":1,"minecraft:birch_leaves":2,"minecraft:pumpkin":1,"regions_unexplored:larch_leaves":3,"minecraft:grass":2,"minecraft:coal_ore":34,"regions_unexplored:blue_bioshroom_stem":2,"regions_unexplored:peat_dirt":1,"minecraft:cyan_carpet":2,"regions_unexplored:viridescent_nylium":2,"minecraft:tripwire_hook":2,"regions_unexplored:larch_log":17,"minecraft:stone":56},"minecraft:used":{"minecraft:trident":1,"minecraft:flint_and_steel":46,"minecraft:birch_planks":3,"minecraft:stone_pickaxe":99,"minecraft:baked_potato":10,"regions_unexplored:peat_dirt":2,"minecraft:chest":2,"minecraft:shield":11,"minecraft:spruce_planks":4,"minecraft:wooden_pickaxe":31,"minecraft:diamond_axe":6,"minecraft:iron_chestplate":1,"minecraft:crafting_table":2,"minecraft:carrot":1,"minecraft:cod":2,"alexsmobs:flying_fish":1,"alexsmobs:maggot":1,"minecraft:bread":11,"minecraft:melon_slice":4,"minecraft:iron_axe":95,"minecraft:cyan_carpet":1,"minecraft:iron_pickaxe":15,"minecraft:iron_helmet":1,"minecraft:iron_boots":1,"jeg:scrap_workbench":1,"minecraft:furnace":1,"minecraft:iron_leggings":1}},"DataVersion":3465}