{"stats":{"minecraft:dropped":{"apotheosis:gem":1,"minecraft:wooden_pickaxe":1},"minecraft:killed":{"minecraft:zombie":1},"minecraft:killed_by":{"minecraft:skeleton":2},"minecraft:picked_up":{"minecraft:stick":1,"minecraft:raw_iron":15,"apotheosis:gem":1,"jeg:scrap_workbench":1,"jeg:scrap":3,"minecraft:carrot":1,"minecraft:rotten_flesh":3,"regions_unexplored:larch_log":4,"jeg:tech_trash":2,"minecraft:cobblestone":39},"minecraft:crafted":{"minecraft:crafting_table":1,"minecraft:stick":4,"minecraft:wooden_pickaxe":1,"minecraft:stone_pickaxe":1,"minecraft:furnace":1,"regions_unexplored:larch_planks":16},"minecraft:custom":{"minecraft:time_since_rest":5790,"minecraft:interact_with_furnace":2,"minecraft:sprint_one_cm":27878,"minecraft:damage_taken":1100,"minecraft:walk_one_cm":86116,"minecraft:mob_kills":1,"minecraft:drop":2,"minecraft:damage_dealt":194,"minecraft:interact_with_crafting_table":4,"minecraft:swim_one_cm":21656,"minecraft:fly_one_cm":51673,"minecraft:open_chest":1,"minecraft:crouch_one_cm":677,"minecraft:play_time":29457,"minecraft:deaths":3,"minecraft:sneak_time":199,"minecraft:walk_under_water_one_cm":3477,"minecraft:jump":262,"minecraft:damage_dealt_resisted":0,"minecraft:leave_game":1,"minecraft:time_since_death":5764,"minecraft:walk_on_water_one_cm":2723,"minecraft:total_world_time":29457,"minecraft:climb_one_cm":3928,"minecraft:fall_one_cm":18935},"minecraft:mined":{"jeg:scrap_workbench":1,"jeg:scrap_ore":3,"minecraft:iron_ore":15,"minecraft:birch_leaves":1,"regions_unexplored:larch_leaves":3,"minecraft:grass":1,"regions_unexplored:larch_log":4,"minecraft:stone":39},"minecraft:used":{"minecraft:stone_pickaxe":26,"minecraft:wooden_pickaxe":31,"jeg:scrap_workbench":1,"minecraft:crafting_table":1,"minecraft:furnace":1,"minecraft:carrot":1}},"DataVersion":3465}