{"stats":{"minecraft:dropped":{"apotheosis:gem":1,"minecraft:rotten_flesh":2,"gravestone:obituary":4,"minecraft:wooden_pickaxe":1},"minecraft:killed":{"minecraft:zombie":1},"minecraft:killed_by":{"minecraft:drowned":1,"minecraft:skeleton":3,"minecraft:zombie":1},"minecraft:picked_up":{"minecraft:birch_log":5,"minecraft:stick":1,"minecraft:raw_iron":45,"apotheosis:gem":1,"jeg:scrap_workbench":1,"jeg:scrap":3,"minecraft:carrot":1,"minecraft:rotten_flesh":3,"minecraft:kelp":8,"regions_unexplored:larch_log":4,"minecraft:iron_pickaxe":1,"minecraft:baked_potato":11,"minecraft:acacia_slab":2,"minecraft:melon_slice":6,"jeg:tech_trash":2,"minecraft:coal":34,"minecraft:cobblestone":48},"minecraft:crafted":{"minecraft:iron_chestplate":1,"minecraft:iron_boots":1,"minecraft:shield":1,"minecraft:iron_axe":1,"minecraft:crafting_table":1,"minecraft:stick":8,"minecraft:wooden_pickaxe":1,"minecraft:iron_ingot":45,"minecraft:iron_helmet":1,"minecraft:iron_pickaxe":1,"minecraft:stone_pickaxe":1,"minecraft:iron_leggings":1,"minecraft:furnace":1,"regions_unexplored:larch_planks":16,"minecraft:birch_planks":20,"minecraft:air":0},"minecraft:custom":{"minecraft:time_since_rest":324,"minecraft:interact_with_furnace":11,"minecraft:sprint_one_cm":51999,"minecraft:damage_taken":1751,"minecraft:walk_one_cm":152934,"minecraft:mob_kills":1,"minecraft:drop":8,"minecraft:damage_dealt":194,"minecraft:interact_with_crafting_table":13,"minecraft:swim_one_cm":33766,"minecraft:fly_one_cm":87244,"minecraft:open_chest":3,"minecraft:crouch_one_cm":924,"minecraft:play_time":47700,"minecraft:deaths":6,"minecraft:sneak_time":260,"minecraft:walk_under_water_one_cm":10981,"minecraft:jump":481,"minecraft:damage_dealt_resisted":0,"minecraft:leave_game":2,"minecraft:time_since_death":236,"minecraft:walk_on_water_one_cm":9715,"minecraft:total_world_time":47700,"minecraft:climb_one_cm":8439,"minecraft:fall_one_cm":29278},"minecraft:mined":{"jeg:scrap_workbench":1,"jeg:scrap_ore":3,"minecraft:birch_log":5,"minecraft:iron_ore":45,"minecraft:birch_leaves":1,"regions_unexplored:larch_leaves":3,"minecraft:ladder":1,"gravestone:gravestone":2,"minecraft:grass":1,"minecraft:coal_ore":34,"minecraft:melon":1,"regions_unexplored:larch_log":4,"minecraft:stone":48,"minecraft:spawner":2},"minecraft:used":{"minecraft:trident":1,"minecraft:stone_pickaxe":99,"minecraft:iron_pickaxe":4,"minecraft:wooden_pickaxe":31,"minecraft:iron_helmet":1,"minecraft:iron_boots":1,"jeg:scrap_workbench":1,"minecraft:iron_chestplate":1,"minecraft:crafting_table":1,"minecraft:furnace":1,"minecraft:carrot":1,"minecraft:iron_leggings":1}},"DataVersion":3465}