{"stats":{"minecraft:dropped":{"apotheosis:gem":1,"minecraft:rotten_flesh":2,"gravestone:obituary":1,"minecraft:wooden_pickaxe":1},"minecraft:killed":{"minecraft:zombie":1},"minecraft:killed_by":{"minecraft:skeleton":2},"minecraft:picked_up":{"minecraft:birch_log":5,"minecraft:stick":1,"minecraft:raw_iron":45,"apotheosis:gem":1,"jeg:scrap_workbench":1,"jeg:scrap":3,"minecraft:carrot":1,"minecraft:rotten_flesh":3,"regions_unexplored:larch_log":4,"minecraft:coal":34,"jeg:tech_trash":2,"minecraft:cobblestone":48},"minecraft:crafted":{"minecraft:iron_boots":1,"minecraft:iron_chestplate":1,"minecraft:shield":1,"minecraft:crafting_table":1,"minecraft:stick":8,"minecraft:iron_ingot":35,"minecraft:wooden_pickaxe":1,"minecraft:iron_pickaxe":1,"minecraft:iron_helmet":1,"minecraft:stone_pickaxe":1,"minecraft:iron_leggings":1,"minecraft:furnace":1,"regions_unexplored:larch_planks":16,"minecraft:birch_planks":20,"minecraft:air":0},"minecraft:custom":{"minecraft:time_since_rest":16176,"minecraft:interact_with_furnace":10,"minecraft:sprint_one_cm":39358,"minecraft:damage_taken":1100,"minecraft:walk_one_cm":122183,"minecraft:mob_kills":1,"minecraft:drop":5,"minecraft:damage_dealt":194,"minecraft:interact_with_crafting_table":12,"minecraft:swim_one_cm":21656,"minecraft:fly_one_cm":71075,"minecraft:open_chest":1,"minecraft:crouch_one_cm":684,"minecraft:play_time":39843,"minecraft:deaths":3,"minecraft:sneak_time":215,"minecraft:walk_under_water_one_cm":3477,"minecraft:jump":419,"minecraft:damage_dealt_resisted":0,"minecraft:leave_game":2,"minecraft:time_since_death":16150,"minecraft:walk_on_water_one_cm":2723,"minecraft:total_world_time":39843,"minecraft:climb_one_cm":3928,"minecraft:fall_one_cm":21501},"minecraft:mined":{"jeg:scrap_workbench":1,"jeg:scrap_ore":3,"minecraft:birch_log":5,"minecraft:iron_ore":45,"minecraft:birch_leaves":1,"regions_unexplored:larch_leaves":3,"minecraft:grass":1,"minecraft:coal_ore":34,"regions_unexplored:larch_log":4,"minecraft:stone":48},"minecraft:used":{"minecraft:stone_pickaxe":99,"minecraft:iron_helmet":1,"minecraft:wooden_pickaxe":31,"minecraft:iron_boots":1,"jeg:scrap_workbench":1,"minecraft:iron_chestplate":1,"minecraft:crafting_table":1,"minecraft:furnace":1,"minecraft:carrot":1,"minecraft:iron_leggings":1}},"DataVersion":3465}