{"stats":{"minecraft:dropped":{"apotheosis:gem":1},"minecraft:killed":{"minecraft:zombie":1},"minecraft:picked_up":{"apotheosis:gem":1,"minecraft:rotten_flesh":1,"minecraft:carrot":1},"minecraft:custom":{"minecraft:time_since_rest":17457,"minecraft:crouch_one_cm":187,"minecraft:play_time":17457,"minecraft:sprint_one_cm":13803,"minecraft:damage_taken":175,"minecraft:walk_one_cm":32106,"minecraft:sneak_time":130,"minecraft:mob_kills":1,"minecraft:drop":1,"minecraft:damage_dealt_resisted":0,"minecraft:jump":97,"minecraft:damage_dealt":188,"minecraft:leave_game":1,"minecraft:time_since_death":17457,"minecraft:total_world_time":17457,"minecraft:fall_one_cm":4815,"minecraft:fly_one_cm":11552},"minecraft:mined":{"minecraft:birch_leaves":1,"regions_unexplored:larch_leaves":1},"minecraft:used":{"minecraft:carrot":1}},"DataVersion":3465}