{"stats":{"minecraft:killed":{"minecraft:vindicator":6,"alexsmobs:seagull":1,"minecraft:skeleton":1,"minecraft:parrot":3,"alexsmobs:seal":1,"minecraft:creeper":1,"minecraft:pillager":1,"minecraft:zombie":4,"enemyexpansion:botfly":1},"minecraft:custom":{"minecraft:mob_kills":20,"minecraft:interact_with_anvil":4,"minecraft:interact_with_crafting_table":34,"minecraft:open_barrel":11,"minecraft:damage_dealt_resisted":10,"minecraft:leave_game":3,"minecraft:time_since_death":2566,"minecraft:climb_one_cm":9270,"minecraft:damage_resisted":0,"minecraft:sprint_one_cm":549711,"minecraft:walk_one_cm":801413,"minecraft:damage_blocked_by_shield":2877,"minecraft:drop":91,"minecraft:damage_dealt_absorbed":6,"minecraft:play_time":256464,"minecraft:deaths":23,"minecraft:sneak_time":3164,"minecraft:walk_under_water_one_cm":57350,"minecraft:boat_one_cm":139139,"minecraft:jump":3666,"minecraft:walk_on_water_one_cm":46548,"minecraft:total_world_time":256464,"minecraft:interact_with_furnace":19,"spartanshields:shield_bash_hits":2,"minecraft:sleep_in_bed":3,"minecraft:time_since_rest":2660,"minecraft:damage_taken":9989,"minecraft:damage_dealt":3491,"minecraft:swim_one_cm":154137,"minecraft:fly_one_cm":626200,"minecraft:open_chest":54,"minecraft:crouch_one_cm":10220,"minecraft:fall_one_cm":118943},"minecraft:picked_up":{"minecraft:allium":3,"minecraft:wheat":4,"regions_unexplored:larch_planks":24,"minecraft:turtle_helmet":2,"regions_unexplored:brimsprout":2,"minecraft:oak_stairs":4,"minecraft:stone_brick_stairs":1,"jeg:scrap_workbench":1,"gravestone:obituary":14,"minecraft:shield":1,"minecraft:string":2,"minecraft:iron_axe":2,"jeg:revolver":1,"minecraft:cyan_carpet":2,"minecraft:spruce_planks":8,"minecraft:beef":16,"regions_unexplored:larch_log":33,"minecraft:iron_pickaxe":2,"minecraft:melon_slice":125,"regions_unexplored:blue_bioshroom_planks":2,"minecraft:iron_boots":2,"minecraft:stick":7,"minecraft:raw_iron":58,"apotheosis:gem":3,"jeg:pistol_ammo":25,"minecraft:torch":3,"minecraft:green_bed":4,"minecraft:cherry_log":1,"minecraft:carrot":1,"minecraft:dark_oak_planks":24,"minecraft:zombie_spawn_egg":2,"minecraft:arrow":2,"minecraft:rotten_flesh":13,"minecraft:pumpkin_pie":5,"jeg:waterpipe_shotgun":1,"minecraft:diamond_boots":1,"minecraft:hay_block":19,"minecraft:carved_pumpkin":1,"minecraft:obsidian":12,"regions_unexplored:golden_larch_sapling":2,"alexsmobs:flying_fish":1,"minecraft:cobblestone":131,"minecraft:cod":1,"minecraft:white_wool":6,"minecraft:birch_log":10,"minecraft:pink_petals":3,"regions_unexplored:peat_dirt":7,"minecraft:cooked_beef":10,"minecraft:feather":7,"minecraft:tripwire_hook":1,"minecraft:salmon":1,"regions_unexplored:blue_bioshroom_stem":2,"minecraft:potato":1,"minecraft:birch_planks":18,"jeg:scrap":27,"minecraft:gunpowder":40,"minecraft:dirt":29,"minecraft:red_carpet":6,"minecraft:bone":5,"minecraft:stone_bricks":4,"minecraft:kelp":11,"minecraft:wheat_seeds":13,"minecraft:iron_ingot":10,"regions_unexplored:larch_sapling":1,"minecraft:bamboo":18,"jeg:tech_trash":3,"minecraft:oak_planks":5,"minecraft:iron_sword":1,"minecraft:book":55,"minecraft:pumpkin":1,"minecraft:stripped_spruce_log":3,"minecraft:ink_sac":2,"minecraft:dark_oak_log":18,"minecraft:barrel":1,"jeg:handmade_shell":92,"minecraft:pumpkin_seeds":3,"minecraft:diamond":21,"minecraft:diamond_axe":2,"minecraft:emerald":3,"minecraft:bread":2,"alexsmobs:maggot":4,"minecraft:baked_potato":11,"spelunkers_charm:rock":1,"minecraft:acacia_slab":2,"minecraft:black_wool":6,"minecraft:dark_oak_fence":2,"regions_unexplored:larch_boat":1,"minecraft:coal":96,"minecraft:diamond_pickaxe":1},"minecraft:broken":{"minecraft:shield":1},"minecraft:dropped":{"minecraft:bread":11,"minecraft:stripped_spruce_log":3,"minecraft:birch_planks":3,"minecraft:wheat_seeds":10,"minecraft:diamond_axe":1,"minecraft:diamond":21,"regions_unexplored:larch_planks":1,"minecraft:feather":2,"minecraft:cobblestone":6,"minecraft:stick":3,"minecraft:dirt":12,"minecraft:ink_sac":2,"minecraft:melon_slice":61,"regions_unexplored:golden_larch_sapling":1,"minecraft:oak_stairs":4,"gravestone:obituary":24,"minecraft:iron_axe":1,"minecraft:dark_oak_planks":6,"minecraft:pink_petals":3,"alexsmobs:maggot":3,"minecraft:green_bed":2,"minecraft:rotten_flesh":5,"minecraft:oak_planks":5,"minecraft:iron_boots":1,"jeg:revolver":1,"minecraft:turtle_helmet":1,"minecraft:gunpowder":1,"minecraft:allium":2,"minecraft:diamond_pickaxe":1,"regions_unexplored:larch_boat":2,"apotheosis:gem":1,"minecraft:bamboo":12,"minecraft:beef":16,"minecraft:wooden_pickaxe":1,"jeg:pistol_ammo":25},"minecraft:used":{"minecraft:trident":1,"minecraft:flint_and_steel":47,"minecraft:chest":4,"minecraft:spruce_planks":6,"minecraft:shield":15,"minecraft:iron_chestplate":1,"minecraft:torch":1,"minecraft:dirt":5,"minecraft:anvil":1,"minecraft:carrot":1,"minecraft:obsidian":12,"minecraft:dark_oak_planks":43,"alexsmobs:maggot":1,"minecraft:iron_axe":101,"minecraft:iron_helmet":1,"minecraft:iron_boots":1,"jeg:revolver":4,"minecraft:furnace":3,"minecraft:potato":1,"minecraft:cooked_beef":10,"minecraft:iron_leggings":1,"minecraft:birch_planks":17,"minecraft:stone_pickaxe":99,"minecraft:baked_potato":10,"regions_unexplored:peat_dirt":7,"minecraft:wooden_pickaxe":31,"minecraft:cherry_planks":3,"regions_unexplored:larch_boat":3,"minecraft:diamond_axe":105,"minecraft:green_bed":2,"minecraft:crafting_table":3,"minecraft:white_bed":2,"minecraft:cod":2,"alexsmobs:flying_fish":1,"minecraft:diamond_pickaxe":121,"minecraft:dark_oak_log":5,"minecraft:melon_slice":22,"minecraft:bread":37,"minecraft:iron_pickaxe":23,"minecraft:cyan_carpet":1,"regions_unexplored:larch_log":6,"jeg:scrap_workbench":1,"minecraft:diamond_sword":14,"minecraft:cobblestone":18,"jeg:waterpipe_shotgun":16,"regions_unexplored:larch_sapling":1},"minecraft:killed_by":{"minecraft:player":2,"mca:female_zombie_villager":1,"minecraft:stray":1,"minecraft:drowned":1,"alexsmobs:cachalot_whale":1,"minecraft:vindicator":4,"minecraft:skeleton":5,"minecraft:zombie":5,"enemyexpansion:direwolf":1},"minecraft:crafted":{"minecraft:cherry_planks":4,"minecraft:furnace":3,"regions_unexplored:larch_planks":72,"minecraft:flint_and_steel":1,"minecraft:iron_boots":1,"minecraft:iron_axe":1,"minecraft:stone_pickaxe":1,"minecraft:chest":4,"minecraft:dark_oak_planks":52,"minecraft:wheat":171,"minecraft:cooked_beef":19,"regions_unexplored:larch_boat":5,"minecraft:diamond_sword":1,"minecraft:diamond_axe":1,"minecraft:crafting_table":3,"minecraft:wooden_pickaxe":1,"minecraft:iron_helmet":1,"minecraft:iron_sword":1,"minecraft:copper_ingot":6,"minecraft:birch_planks":40,"minecraft:bread":57,"minecraft:air":0,"minecraft:iron_chestplate":1,"minecraft:diamond_pickaxe":1,"minecraft:shield":2,"minecraft:stick":16,"minecraft:iron_ingot":45,"minecraft:iron_pickaxe":1,"minecraft:iron_block":3,"minecraft:iron_leggings":1,"minecraft:anvil":1,"minecraft:white_bed":2},"minecraft:mined":{"minecraft:dark_oak_planks":21,"minecraft:tuff":7,"minecraft:red_carpet":2,"minecraft:spruce_planks":8,"minecraft:dark_oak_leaves":5,"minecraft:dark_oak_log":13,"minecraft:cherry_log":1,"minecraft:jungle_leaves":1,"minecraft:obsidian":12,"minecraft:carved_pumpkin":1,"regions_unexplored:larch_planks":7,"gravestone:gravestone":19,"minecraft:ladder":1,"minecraft:deepslate_bricks":3,"minecraft:kelp":3,"minecraft:spawner":2,"minecraft:hay_block":19,"minecraft:oxidized_cut_copper":3,"minecraft:iron_ore":58,"minecraft:fire":3,"minecraft:barrel":1,"minecraft:stripped_spruce_log":7,"minecraft:pumpkin":1,"regions_unexplored:larch_leaves":6,"minecraft:bookshelf":17,"minecraft:cave_vines":1,"minecraft:flowering_azalea_leaves":2,"regions_unexplored:medium_grass":2,"minecraft:bamboo":1,"regions_unexplored:larch_log":34,"minecraft:stone":81,"spelunkers_charm:rock_pile_1":1,"minecraft:green_bed":3,"minecraft:glass_pane":1,"jeg:scrap_ore":15,"minecraft:soul_sand":1,"minecraft:torch":2,"regions_unexplored:peat_grass_block":4,"minecraft:melon":28,"spelunkers_charm:dead_grass":1,"minecraft:cobblestone":3,"minecraft:tall_grass":2,"minecraft:pink_petals":1,"minecraft:spruce_stairs":1,"minecraft:birch_planks":9,"jeg:scrap_workbench":1,"regions_unexplored:blue_bioshroom_planks":1,"minecraft:birch_log":10,"minecraft:purple_stained_glass":2,"minecraft:white_carpet":1,"minecraft:birch_leaves":2,"minecraft:stone_brick_stairs":2,"minecraft:grass":7,"minecraft:black_wool":6,"minecraft:coal_ore":53,"regions_unexplored:blue_bioshroom_stem":2,"minecraft:cherry_leaves":2,"regions_unexplored:peat_dirt":3,"minecraft:dirt":2,"minecraft:gravel":1,"minecraft:cyan_carpet":2,"minecraft:smooth_basalt":7,"minecraft:tripwire_hook":2,"regions_unexplored:viridescent_nylium":2,"minecraft:stone_bricks":12,"minecraft:fern":2}},"DataVersion":3465}