{"stats":{"minecraft:broken":{"minecraft:stone_pickaxe":1},"minecraft:dropped":{"minecraft:wheat_seeds":1},"minecraft:killed":{"minecraft:witch":1,"minecraft:spider":1,"minecraft:creeper":1},"minecraft:killed_by":{"minecraft:spider":1,"minecraft:witch":1,"minecraft:zombie":1},"minecraft:picked_up":{"minecraft:raw_iron":40,"minecraft:stick":4,"apotheosis:gem":1,"regions_unexplored:larch_planks":1,"minecraft:leather_leggings":1,"minecraft:gravel":2,"jeg:scrap":27,"minecraft:spider_eye":1,"minecraft:string":1,"minecraft:dirt":2,"minecraft:rotten_flesh":3,"minecraft:wheat_seeds":1,"regions_unexplored:larch_log":11,"regions_unexplored:larch_sapling":3,"minecraft:birch_sapling":1,"minecraft:coal":50,"jeg:tech_trash":5,"minecraft:cobblestone":33,"minecraft:furnace":1},"minecraft:crafted":{"minecraft:wooden_sword":1,"minecraft:iron_boots":1,"minecraft:iron_chestplate":1,"jeg:scrap_workbench":1,"minecraft:crafting_table":3,"minecraft:iron_helmet":1,"minecraft:iron_pickaxe":1,"minecraft:stick":16,"minecraft:iron_ingot":27,"minecraft:wooden_pickaxe":1,"minecraft:stone_pickaxe":1,"minecraft:iron_sword":1,"minecraft:furnace":2,"regions_unexplored:larch_planks":44,"minecraft:torch":32,"minecraft:air":0,"jeg:scrap_block":1},"minecraft:custom":{"minecraft:time_since_rest":11439,"minecraft:interact_with_furnace":7,"minecraft:sprint_one_cm":39871,"minecraft:damage_taken":935,"minecraft:walk_one_cm":33043,"minecraft:mob_kills":4,"minecraft:drop":1,"minecraft:damage_dealt":1860,"minecraft:interact_with_crafting_table":12,"minecraft:fly_one_cm":65047,"minecraft:crouch_one_cm":9993,"minecraft:play_time":28679,"minecraft:deaths":3,"minecraft:sneak_time":4076,"minecraft:damage_dealt_resisted":0,"minecraft:jump":436,"minecraft:leave_game":1,"minecraft:time_since_death":11415,"minecraft:total_world_time":28679,"minecraft:fall_one_cm":19608},"minecraft:mined":{"jeg:scrap_ore":17,"minecraft:iron_ore":40,"minecraft:birch_leaves":3,"regions_unexplored:larch_planks":1,"regions_unexplored:larch_leaves":14,"gravestone:gravestone":3,"minecraft:grass":3,"minecraft:coal_ore":55,"minecraft:gravel":2,"minecraft:dirt":2,"regions_unexplored:medium_grass":1,"regions_unexplored:larch_log":11,"minecraft:stone":29,"minecraft:oak_leaves":5},"minecraft:used":{"minecraft:stone_pickaxe":123,"minecraft:iron_helmet":1,"minecraft:wooden_pickaxe":28,"minecraft:iron_boots":1,"minecraft:gravel":2,"jeg:scrap_workbench":1,"minecraft:iron_chestplate":1,"minecraft:torch":5,"minecraft:wooden_sword":47,"minecraft:dirt":2,"regions_unexplored:larch_planks":3,"minecraft:crafting_table":3,"minecraft:furnace":3,"alexsmobs:animal_dictionary":1}},"DataVersion":3465}