{"stats":{"minecraft:custom":{"minecraft:mob_kills":61,"minecraft:interact_with_crafting_table":17,"minecraft:open_barrel":71,"minecraft:damage_dealt_resisted":224,"minecraft:leave_game":2,"minecraft:time_since_death":22811,"minecraft:climb_one_cm":15296,"minecraft:damage_resisted":0,"minecraft:sprint_one_cm":222737,"minecraft:walk_one_cm":165198,"minecraft:drop":56,"minecraft:play_time":100794,"minecraft:deaths":10,"minecraft:sneak_time":11079,"minecraft:walk_under_water_one_cm":9395,"minecraft:jump":1821,"minecraft:walk_on_water_one_cm":8318,"minecraft:total_world_time":100794,"minecraft:interact_with_furnace":9,"minecraft:time_since_rest":22835,"minecraft:damage_taken":4353,"minecraft:damage_absorbed":59,"minecraft:damage_dealt":11947,"minecraft:swim_one_cm":60985,"minecraft:fly_one_cm":320192,"minecraft:open_chest":52,"minecraft:crouch_one_cm":23711,"minecraft:fall_one_cm":67301,"minecraft:inspect_dispenser":5},"minecraft:killed":{"minecraft:evoker":1,"minecraft:witch":1,"minecraft:vindicator":4,"minecraft:spider":2,"alexsmobs:seagull":4,"enemyexpansion:direwolf":1,"minecraft:skeleton":4,"minecraft:parrot":3,"enemyexpansion:sprinter":1,"minecraft:creeper":2,"minecraft:pillager":8,"minecraft:zombie":22,"enemyexpansion:botfly":4,"alexsmobs:fly":1},"minecraft:picked_up":{"minecraft:charcoal":3,"minecraft:crafting_table":1,"regions_unexplored:larch_planks":29,"minecraft:leather_leggings":1,"jeg:scrap_workbench":3,"gravestone:obituary":2,"minecraft:string":3,"minecraft:iron_axe":1,"minecraft:smooth_stone_slab":1,"minecraft:iron_leggings":3,"jeg:revolver":1,"minecraft:spruce_planks":9,"regions_unexplored:larch_log":39,"minecraft:birch_sapling":1,"minecraft:furnace":3,"minecraft:stick":10,"minecraft:raw_iron":40,"apotheosis:gem":3,"minecraft:spruce_stairs":2,"minecraft:dark_oak_planks":32,"minecraft:arrow":5,"minecraft:rotten_flesh":12,"minecraft:diamond_boots":1,"minecraft:stripped_dark_oak_wood":6,"minecraft:totem_of_undying":1,"minecraft:white_wool":6,"minecraft:cobblestone":36,"minecraft:feather":5,"spartanweaponry:iron_battleaxe":1,"minecraft:flint":11,"jeg:scrap":28,"minecraft:gunpowder":22,"minecraft:dirt":2,"minecraft:lantern":1,"minecraft:bone":3,"minecraft:acacia_planks":9,"minecraft:bow":1,"minecraft:wheat_seeds":1,"minecraft:iron_ingot":8,"regions_unexplored:larch_sapling":3,"minecraft:oak_planks":1,"jeg:tech_trash":5,"minecraft:book":108,"minecraft:dark_oak_slab":2,"minecraft:gravel":2,"minecraft:ink_sac":10,"minecraft:barrel":2,"minecraft:acacia_stairs":1,"minecraft:spider_eye":1,"minecraft:polished_andesite":1,"minecraft:diamond":2,"minecraft:emerald":3,"alexsmobs:maggot":2,"minecraft:damaged_anvil":1,"minecraft:coal":96},"minecraft:broken":{"minecraft:stone_pickaxe":1,"spartanweaponry:iron_battleaxe":1,"minecraft:iron_sword":1},"minecraft:dropped":{"minecraft:bread":9,"minecraft:wheat_seeds":1,"minecraft:baked_potato":11,"minecraft:diamond":2,"minecraft:crafting_table":1,"regions_unexplored:larch_planks":41,"minecraft:iron_helmet":1,"minecraft:lantern":1,"minecraft:stick":6,"minecraft:ink_sac":10,"minecraft:melon_slice":3,"minecraft:iron_leggings":4,"gravestone:obituary":13,"minecraft:iron_pickaxe":1,"minecraft:string":2,"minecraft:dark_oak_planks":6,"minecraft:furnace":2,"regions_unexplored:larch_log":14,"minecraft:rotten_flesh":1,"minecraft:iron_boots":1,"minecraft:charcoal":2},"minecraft:used":{"minecraft:trident":48,"minecraft:spruce_planks":9,"minecraft:iron_sword":249,"minecraft:rotten_flesh":6,"minecraft:iron_chestplate":1,"minecraft:torch":11,"minecraft:dirt":2,"minecraft:dark_oak_planks":56,"minecraft:iron_axe":50,"minecraft:iron_helmet":1,"minecraft:iron_boots":1,"minecraft:totem_of_undying":1,"minecraft:barrel":2,"minecraft:bow":5,"regions_unexplored:larch_planks":58,"minecraft:furnace":3,"minecraft:acacia_planks":5,"minecraft:polished_andesite":1,"minecraft:stone_pickaxe":123,"minecraft:baked_potato":13,"minecraft:oak_planks":1,"minecraft:wooden_pickaxe":28,"minecraft:white_wool":1,"minecraft:crafting_table":5,"minecraft:white_bed":1,"spartanweaponry:iron_battleaxe":137,"minecraft:acacia_stairs":1,"minecraft:dark_oak_log":1,"minecraft:bread":2,"minecraft:melon_slice":7,"minecraft:iron_pickaxe":27,"regions_unexplored:larch_log":3,"minecraft:gravel":2,"jeg:scrap_workbench":3,"minecraft:wooden_sword":47,"minecraft:cobblestone":14,"minecraft:pumpkin_pie":10,"alexsmobs:animal_dictionary":1},"minecraft:killed_by":{"minecraft:spider":1,"minecraft:pillager":2,"minecraft:skeleton":2,"minecraft:witch":1,"minecraft:zombie":4},"minecraft:crafted":{"minecraft:wooden_sword":1,"minecraft:furnace":2,"regions_unexplored:larch_planks":132,"minecraft:iron_boots":1,"jeg:scrap_workbench":1,"minecraft:iron_axe":1,"minecraft:stone_pickaxe":1,"minecraft:dark_oak_planks":36,"minecraft:crafting_table":5,"minecraft:wooden_pickaxe":1,"minecraft:iron_helmet":1,"minecraft:iron_sword":1,"minecraft:air":0,"jeg:scrap_block":1,"minecraft:iron_chestplate":1,"minecraft:stick":20,"minecraft:iron_ingot":39,"minecraft:iron_pickaxe":1,"minecraft:white_bed":1,"minecraft:torch":32},"minecraft:mined":{"minecraft:dark_oak_planks":32,"minecraft:spruce_planks":13,"minecraft:dark_oak_leaves":5,"minecraft:dark_oak_log":2,"regions_unexplored:larch_planks":3,"gravestone:gravestone":10,"minecraft:grass_block":1,"minecraft:acacia_slab":1,"minecraft:spawner":5,"minecraft:large_fern":1,"minecraft:furnace":2,"minecraft:dark_oak_trapdoor":1,"minecraft:iron_ore":40,"minecraft:fire":10,"minecraft:barrel":3,"minecraft:acacia_stairs":1,"minecraft:pumpkin":1,"regions_unexplored:larch_leaves":14,"minecraft:stripped_dark_oak_wood":6,"minecraft:dark_oak_stairs":1,"minecraft:bookshelf":36,"regions_unexplored:medium_grass":1,"regions_unexplored:larch_log":39,"minecraft:stone":29,"minecraft:white_wool":4,"minecraft:glass_pane":9,"jeg:scrap_ore":17,"minecraft:crafting_table":1,"minecraft:cobblestone":3,"minecraft:oak_planks":2,"minecraft:damaged_anvil":1,"minecraft:spruce_stairs":2,"minecraft:birch_planks":1,"jeg:scrap_workbench":3,"minecraft:dark_oak_slab":2,"minecraft:birch_leaves":3,"minecraft:smooth_stone_slab":1,"minecraft:grass":7,"minecraft:coal_ore":65,"minecraft:gravel":2,"minecraft:dirt":2,"minecraft:acacia_planks":24,"minecraft:polished_andesite":1,"minecraft:yellow_stained_glass":1,"minecraft:oak_leaves":5,"regions_unexplored:larch_shrub":1}},"DataVersion":3465}