{"stats":{"minecraft:killed":{"minecraft:evoker":2,"minecraft:witch":2,"minecraft:vindicator":9,"minecraft:spider":2,"alexsmobs:seagull":6,"enemyexpansion:direwolf":5,"minecraft:skeleton":8,"minecraft:husk":1,"minecraft:parrot":3,"minecraft:pig":10,"alexsmobs:grizzly_bear":1,"alexsmobs:seal":3,"enemyexpansion:sprinter":1,"minecraft:squid":3,"minecraft:creeper":6,"minecraft:sheep":5,"alexsmobs:catfish":1,"minecraft:pillager":10,"alexsmobs:terrapin":1,"minecraft:zombie":45,"enemyexpansion:huntsman":1,"enemyexpansion:botfly":5,"alexsmobs:fly":1,"enemyexpansion:slugger":1,"minecraft:cow":1,"enemyexpansion:wasp":1},"minecraft:custom":{"minecraft:interact_with_anvil":2,"minecraft:mob_kills":138,"minecraft:interact_with_crafting_table":32,"minecraft:open_barrel":74,"minecraft:damage_dealt_resisted":260,"minecraft:leave_game":2,"minecraft:time_since_death":136811,"minecraft:climb_one_cm":18628,"minecraft:damage_resisted":0,"minecraft:sprint_one_cm":519652,"minecraft:walk_one_cm":328654,"minecraft:drop":119,"minecraft:talked_to_villager":1,"minecraft:damage_dealt_absorbed":150,"minecraft:play_time":214794,"minecraft:deaths":10,"minecraft:sneak_time":14882,"minecraft:walk_under_water_one_cm":19655,"minecraft:jump":4768,"minecraft:walk_on_water_one_cm":35625,"minecraft:total_world_time":214794,"minecraft:interact_with_furnace":45,"minecraft:time_since_rest":136835,"minecraft:damage_taken":7473,"minecraft:damage_absorbed":59,"minecraft:damage_dealt":25207,"minecraft:player_kills":1,"minecraft:swim_one_cm":80761,"minecraft:fly_one_cm":962702,"minecraft:open_chest":78,"minecraft:crouch_one_cm":33426,"minecraft:fall_one_cm":165525,"minecraft:inspect_dispenser":5},"minecraft:picked_up":{"minecraft:charcoal":3,"minecraft:crafting_table":2,"minecraft:allium":2,"minecraft:anvil":1,"regions_unexplored:larch_planks":33,"minecraft:clay_ball":38,"minecraft:leather_leggings":1,"minecraft:stone_brick_stairs":2,"jeg:scrap_workbench":5,"gravestone:obituary":7,"minecraft:moss_carpet":2,"minecraft:raw_copper":265,"minecraft:string":3,"minecraft:iron_axe":2,"minecraft:smooth_stone_slab":1,"minecraft:iron_leggings":5,"jeg:revolver":1,"minecraft:spruce_planks":14,"regions_unexplored:larch_log":39,"minecraft:calcite":2,"minecraft:birch_sapling":1,"minecraft:furnace":5,"minecraft:stick":10,"minecraft:raw_iron":116,"apotheosis:gem":4,"jeg:pistol_ammo":101,"minecraft:torch":2,"minecraft:spruce_stairs":2,"regions_unexplored:green_bioshroom_stem":11,"minecraft:trident":1,"minecraft:dark_oak_planks":32,"minecraft:arrow":10,"minecraft:rotten_flesh":25,"jeg:waterpipe_shotgun":2,"minecraft:diamond_boots":1,"minecraft:hay_block":4,"minecraft:stripped_dark_oak_wood":6,"minecraft:totem_of_undying":2,"minecraft:white_wool":8,"minecraft:cobblestone":399,"regions_unexplored:peat_dirt":1,"minecraft:leather_chestplate":1,"minecraft:feather":6,"minecraft:cooked_beef":4,"spartanweaponry:iron_battleaxe":1,"minecraft:leather":2,"alexsmobs:bear_fur":1,"minecraft:flint":13,"minecraft:tuff":1,"jeg:scrap":147,"minecraft:gunpowder":30,"minecraft:gray_concrete":8,"minecraft:dirt":3,"minecraft:lantern":1,"minecraft:gray_concrete_powder":1,"minecraft:cooked_mutton":7,"minecraft:bone":3,"minecraft:acacia_planks":9,"minecraft:stone_bricks":7,"minecraft:kelp":3,"minecraft:bow":1,"minecraft:wheat_seeds":4,"minecraft:iron_ingot":8,"regions_unexplored:larch_sapling":3,"minecraft:flowering_azalea":1,"minecraft:moss_block":2,"minecraft:oxidized_cut_copper":3,"minecraft:oak_planks":1,"jeg:tech_trash":18,"minecraft:book":108,"minecraft:dark_oak_slab":2,"minecraft:cooked_porkchop":29,"minecraft:gravel":12,"minecraft:sand":12,"alexsmobs:animal_dictionary":1,"minecraft:stripped_spruce_log":8,"sophisticatedbackpacks:iron_backpack":1,"minecraft:ink_sac":17,"minecraft:barrel":2,"minecraft:acacia_stairs":1,"minecraft:spider_eye":1,"regions_unexplored:cattail":7,"minecraft:light_gray_concrete":8,"minecraft:polished_andesite":1,"minecraft:diamond":2,"minecraft:bread":11,"minecraft:emerald":5,"alexsmobs:maggot":2,"regions_unexplored:larch_boat":1,"minecraft:damaged_anvil":1,"minecraft:coal":139},"minecraft:broken":{"minecraft:trident":1,"minecraft:flint_and_steel":1,"minecraft:stone_pickaxe":1,"spartanweaponry:iron_battleaxe":1,"minecraft:iron_sword":1,"minecraft:iron_pickaxe":1},"minecraft:dropped":{"minecraft:iron_ingot":7,"minecraft:bread":9,"minecraft:moss_block":1,"minecraft:wheat_seeds":3,"minecraft:cooked_beef":10,"minecraft:baked_potato":11,"minecraft:diamond":2,"minecraft:crafting_table":1,"regions_unexplored:larch_planks":45,"minecraft:cooked_porkchop":9,"minecraft:oxidized_cut_copper":3,"minecraft:iron_helmet":1,"minecraft:cobblestone":2,"minecraft:lantern":1,"jeg:scrap":4,"minecraft:stick":6,"minecraft:torch":1,"minecraft:ink_sac":10,"minecraft:cherry_planks":1,"minecraft:melon_slice":3,"minecraft:diamond_helmet":1,"minecraft:iron_leggings":5,"jeg:waterpipe_shotgun":2,"gravestone:obituary":18,"minecraft:gold_nugget":27,"minecraft:flowering_azalea":1,"minecraft:iron_axe":2,"minecraft:iron_pickaxe":1,"minecraft:string":2,"minecraft:dark_oak_planks":6,"jeg:tech_trash":7,"minecraft:furnace":2,"minecraft:moss_carpet":1,"minecraft:kelp":3,"regions_unexplored:larch_log":14,"alexsmobs:animal_dictionary":1,"minecraft:diamond_hoe":1,"minecraft:tuff":1,"minecraft:rotten_flesh":5,"minecraft:clay_ball":4,"minecraft:iron_boots":1,"alexsmobs:bear_fur":1,"minecraft:flint_and_steel":2,"minecraft:leather_chestplate":1,"minecraft:shield":1,"minecraft:gunpowder":39,"minecraft:allium":1,"regions_unexplored:larch_boat":1,"minecraft:iron_chestplate":1,"minecraft:charcoal":2,"apotheosis:gem":7,"minecraft:stone_bricks":6,"minecraft:arrow":3,"minecraft:stone_brick_stairs":2,"regions_unexplored:blue_bioshroom_planks":4,"jeg:handmade_shell":38},"minecraft:used":{"minecraft:moss_block":1,"minecraft:moss_carpet":1,"minecraft:trident":241,"minecraft:flint_and_steel":64,"minecraft:chest":2,"minecraft:spruce_planks":45,"minecraft:iron_sword":249,"minecraft:rotten_flesh":6,"minecraft:iron_chestplate":1,"minecraft:torch":39,"minecraft:dirt":3,"minecraft:allium":1,"minecraft:dark_oak_planks":56,"minecraft:iron_axe":98,"minecraft:gray_concrete_powder":9,"minecraft:iron_helmet":1,"minecraft:iron_boots":1,"minecraft:totem_of_undying":1,"minecraft:barrel":2,"minecraft:bow":5,"regions_unexplored:larch_planks":58,"jeg:revolver":14,"minecraft:furnace":5,"minecraft:cooked_beef":3,"minecraft:acacia_planks":5,"minecraft:calcite":2,"minecraft:cooked_mutton":7,"minecraft:polished_andesite":1,"minecraft:stone_pickaxe":123,"minecraft:baked_potato":23,"minecraft:oak_planks":1,"minecraft:wooden_pickaxe":28,"minecraft:white_wool":3,"minecraft:sand":1,"minecraft:crafting_table":7,"minecraft:white_bed":1,"minecraft:light_gray_concrete_powder":8,"spartanweaponry:iron_battleaxe":137,"mteg:mo_workbench":1,"minecraft:acacia_stairs":1,"minecraft:dark_oak_log":1,"minecraft:bread":15,"minecraft:melon_slice":7,"minecraft:iron_pickaxe":707,"regions_unexplored:larch_log":3,"minecraft:gravel":4,"jeg:scrap_workbench":6,"regions_unexplored:blue_bioshroom_planks":4,"minecraft:wooden_sword":47,"minecraft:cobblestone":139,"minecraft:cooked_porkchop":18,"minecraft:pumpkin_pie":10,"alexsmobs:animal_dictionary":1},"minecraft:killed_by":{"minecraft:spider":1,"minecraft:pillager":2,"minecraft:skeleton":2,"minecraft:witch":1,"minecraft:zombie":4},"minecraft:crafted":{"minecraft:light_gray_concrete_powder":8,"minecraft:black_dye":4,"minecraft:wooden_sword":1,"minecraft:furnace":2,"regions_unexplored:larch_planks":132,"minecraft:gray_dye":6,"minecraft:bone_meal":6,"minecraft:flint_and_steel":3,"mteg:mo_workbench":1,"minecraft:iron_boots":1,"jeg:scrap_workbench":1,"minecraft:iron_axe":1,"minecraft:stone_pickaxe":1,"minecraft:chest":2,"minecraft:spruce_boat":1,"minecraft:dark_oak_planks":36,"regions_unexplored:blue_bioshroom_planks":8,"minecraft:crafting_table":6,"minecraft:spruce_planks":68,"minecraft:wooden_pickaxe":1,"minecraft:iron_helmet":1,"minecraft:iron_sword":1,"minecraft:gray_concrete_powder":8,"minecraft:copper_ingot":62,"minecraft:air":0,"jeg:scrap_block":2,"regions_unexplored:green_bioshroom_planks":44,"minecraft:iron_chestplate":1,"minecraft:white_dye":6,"minecraft:stick":48,"minecraft:iron_ingot":64,"minecraft:iron_pickaxe":2,"minecraft:light_gray_dye":6,"minecraft:white_bed":1,"minecraft:torch":128},"minecraft:mined":{"minecraft:dark_oak_planks":34,"minecraft:spruce_planks":18,"minecraft:dark_oak_leaves":5,"minecraft:dark_oak_log":3,"minecraft:cave_vines_plant":1,"regions_unexplored:larch_planks":3,"gravestone:gravestone":11,"minecraft:grass_block":3,"minecraft:acacia_slab":1,"minecraft:moss_block":2,"minecraft:spawner":6,"minecraft:large_fern":1,"minecraft:hay_block":4,"minecraft:furnace":4,"minecraft:dark_oak_trapdoor":1,"minecraft:iron_ore":117,"minecraft:fire":10,"minecraft:barrel":3,"minecraft:acacia_stairs":1,"minecraft:stripped_spruce_log":8,"minecraft:pumpkin":1,"minecraft:anvil":1,"regions_unexplored:larch_leaves":14,"minecraft:stripped_dark_oak_wood":6,"minecraft:dark_oak_stairs":1,"minecraft:bookshelf":36,"minecraft:cave_vines":7,"minecraft:vine":1,"minecraft:light_gray_concrete":8,"regions_unexplored:medium_grass":1,"minecraft:azalea":1,"regions_unexplored:larch_log":39,"minecraft:stone":391,"minecraft:white_wool":4,"minecraft:gray_concrete":8,"minecraft:scaffolding":2,"minecraft:glass_pane":11,"jeg:scrap_ore":78,"minecraft:kelp_plant":2,"minecraft:powder_snow":7,"minecraft:clay":10,"minecraft:crafting_table":2,"minecraft:torch":1,"regions_unexplored:peat_grass_block":1,"minecraft:calcite":2,"spelunkers_charm:dead_grass":1,"spelunkers_charm:rock_pile_2":1,"minecraft:copper_ore":74,"minecraft:tall_grass":4,"minecraft:cobblestone":3,"minecraft:oak_planks":2,"minecraft:damaged_anvil":1,"minecraft:spruce_stairs":2,"minecraft:birch_planks":1,"jeg:scrap_workbench":5,"minecraft:gray_concrete_powder":1,"minecraft:dark_oak_slab":2,"minecraft:purple_stained_glass":5,"minecraft:stone_brick_stairs":2,"minecraft:birch_leaves":3,"minecraft:smooth_stone_slab":1,"minecraft:grass":15,"minecraft:coal_ore":111,"minecraft:cherry_leaves":1,"minecraft:gravel":14,"minecraft:sand":12,"minecraft:dirt":7,"regions_unexplored:green_bioshroom_stem":11,"minecraft:smooth_basalt":6,"minecraft:stone_bricks":1,"minecraft:acacia_planks":24,"minecraft:polished_andesite":1,"minecraft:yellow_stained_glass":1,"minecraft:oak_leaves":5,"minecraft:deepslate":2,"minecraft:fern":1,"regions_unexplored:larch_shrub":1}},"DataVersion":3465}