{"stats":{"minecraft:broken":{"minecraft:stone_pickaxe":1},"minecraft:dropped":{"minecraft:wheat_seeds":1},"minecraft:killed":{"minecraft:witch":1,"minecraft:spider":1,"alexsmobs:seagull":4,"minecraft:creeper":1,"minecraft:skeleton":1,"minecraft:zombie":6,"enemyexpansion:botfly":3,"alexsmobs:fly":1},"minecraft:killed_by":{"minecraft:spider":1,"minecraft:witch":1,"minecraft:zombie":1},"minecraft:picked_up":{"minecraft:crafting_table":1,"minecraft:feather":2,"regions_unexplored:larch_planks":1,"spartanweaponry:iron_battleaxe":1,"minecraft:leather_leggings":1,"jeg:scrap_workbench":1,"jeg:scrap":28,"minecraft:dirt":2,"minecraft:string":1,"minecraft:bone":1,"minecraft:wheat_seeds":1,"minecraft:iron_ingot":1,"regions_unexplored:larch_log":18,"regions_unexplored:larch_sapling":3,"minecraft:birch_sapling":1,"jeg:tech_trash":5,"minecraft:furnace":3,"minecraft:stick":4,"minecraft:raw_iron":40,"apotheosis:gem":2,"minecraft:gravel":2,"minecraft:spider_eye":1,"minecraft:arrow":3,"minecraft:rotten_flesh":7,"alexsmobs:maggot":2,"minecraft:coal":96,"minecraft:cobblestone":34},"minecraft:crafted":{"minecraft:wooden_sword":1,"minecraft:crafting_table":3,"minecraft:wooden_pickaxe":1,"minecraft:iron_helmet":1,"minecraft:iron_sword":1,"minecraft:furnace":2,"regions_unexplored:larch_planks":44,"minecraft:air":0,"jeg:scrap_block":1,"minecraft:iron_boots":1,"minecraft:iron_chestplate":1,"jeg:scrap_workbench":1,"minecraft:stick":16,"minecraft:iron_ingot":39,"minecraft:iron_pickaxe":1,"minecraft:stone_pickaxe":1,"minecraft:torch":32},"minecraft:custom":{"minecraft:interact_with_furnace":9,"minecraft:mob_kills":19,"minecraft:interact_with_crafting_table":13,"minecraft:damage_dealt_resisted":0,"minecraft:leave_game":1,"minecraft:time_since_death":23415,"minecraft:time_since_rest":23439,"minecraft:sprint_one_cm":63198,"minecraft:damage_taken":1023,"minecraft:walk_one_cm":51514,"minecraft:drop":1,"minecraft:damage_dealt":3743,"minecraft:fly_one_cm":94685,"minecraft:crouch_one_cm":10418,"minecraft:play_time":40679,"minecraft:deaths":3,"minecraft:sneak_time":4503,"minecraft:jump":655,"minecraft:total_world_time":40679,"minecraft:fall_one_cm":24823},"minecraft:mined":{"jeg:scrap_ore":17,"minecraft:crafting_table":1,"regions_unexplored:larch_planks":1,"gravestone:gravestone":3,"minecraft:cobblestone":1,"jeg:scrap_workbench":1,"minecraft:furnace":2,"minecraft:iron_ore":40,"minecraft:birch_leaves":3,"regions_unexplored:larch_leaves":14,"minecraft:grass":3,"minecraft:coal_ore":65,"minecraft:gravel":2,"minecraft:dirt":2,"regions_unexplored:medium_grass":1,"regions_unexplored:larch_log":18,"minecraft:stone":29,"minecraft:oak_leaves":5},"minecraft:used":{"minecraft:stone_pickaxe":123,"minecraft:wooden_pickaxe":28,"minecraft:iron_sword":26,"minecraft:rotten_flesh":5,"minecraft:iron_chestplate":1,"minecraft:torch":5,"minecraft:dirt":2,"minecraft:crafting_table":3,"spartanweaponry:iron_battleaxe":23,"minecraft:iron_pickaxe":13,"minecraft:iron_helmet":1,"minecraft:iron_boots":1,"minecraft:gravel":2,"jeg:scrap_workbench":1,"minecraft:wooden_sword":47,"minecraft:cobblestone":7,"regions_unexplored:larch_planks":3,"minecraft:furnace":3,"alexsmobs:animal_dictionary":1}},"DataVersion":3465}