{"stats":{"minecraft:broken":{"minecraft:stone_pickaxe":1,"spartanweaponry:iron_battleaxe":1},"minecraft:dropped":{"minecraft:bread":7,"minecraft:wheat_seeds":1,"minecraft:baked_potato":11,"minecraft:diamond":2,"minecraft:crafting_table":1,"regions_unexplored:larch_planks":23,"minecraft:iron_helmet":1,"minecraft:lantern":1,"minecraft:stick":6,"minecraft:ink_sac":10,"minecraft:iron_leggings":4,"gravestone:obituary":11,"minecraft:iron_pickaxe":1,"minecraft:dark_oak_planks":3,"minecraft:furnace":2,"regions_unexplored:larch_log":14,"minecraft:rotten_flesh":1,"minecraft:iron_boots":1,"minecraft:charcoal":2},"minecraft:killed":{"minecraft:witch":1,"minecraft:spider":1,"alexsmobs:seagull":4,"enemyexpansion:direwolf":1,"minecraft:skeleton":3,"minecraft:parrot":2,"minecraft:creeper":2,"minecraft:pillager":8,"minecraft:zombie":11,"enemyexpansion:botfly":4,"alexsmobs:fly":1},"minecraft:killed_by":{"minecraft:spider":1,"minecraft:pillager":2,"minecraft:skeleton":2,"minecraft:witch":1,"minecraft:zombie":3},"minecraft:picked_up":{"minecraft:charcoal":3,"minecraft:crafting_table":1,"regions_unexplored:larch_planks":29,"minecraft:leather_leggings":1,"jeg:scrap_workbench":2,"gravestone:obituary":1,"minecraft:string":1,"minecraft:smooth_stone_slab":1,"minecraft:iron_leggings":3,"minecraft:spruce_planks":4,"regions_unexplored:larch_log":39,"minecraft:birch_sapling":1,"minecraft:furnace":3,"minecraft:raw_iron":40,"minecraft:stick":10,"apotheosis:gem":3,"minecraft:dark_oak_planks":28,"minecraft:arrow":5,"minecraft:rotten_flesh":10,"minecraft:diamond_boots":1,"minecraft:stripped_dark_oak_wood":6,"minecraft:white_wool":6,"minecraft:cobblestone":36,"minecraft:feather":2,"spartanweaponry:iron_battleaxe":1,"minecraft:flint":11,"jeg:scrap":28,"minecraft:gunpowder":22,"minecraft:dirt":2,"minecraft:lantern":1,"minecraft:bone":3,"minecraft:acacia_planks":9,"minecraft:bow":1,"minecraft:wheat_seeds":1,"minecraft:iron_ingot":8,"regions_unexplored:larch_sapling":3,"minecraft:oak_planks":1,"jeg:tech_trash":5,"minecraft:book":108,"minecraft:dark_oak_slab":2,"minecraft:gravel":2,"minecraft:ink_sac":10,"minecraft:acacia_stairs":1,"minecraft:spider_eye":1,"minecraft:barrel":2,"minecraft:diamond":2,"alexsmobs:maggot":2,"minecraft:coal":96},"minecraft:custom":{"minecraft:mob_kills":40,"minecraft:interact_with_crafting_table":17,"minecraft:open_barrel":46,"minecraft:damage_dealt_resisted":0,"minecraft:leave_game":1,"minecraft:time_since_death":10481,"minecraft:climb_one_cm":13180,"minecraft:damage_resisted":0,"minecraft:sprint_one_cm":151014,"minecraft:walk_one_cm":136752,"minecraft:drop":46,"minecraft:play_time":76679,"minecraft:deaths":9,"minecraft:sneak_time":7213,"minecraft:walk_under_water_one_cm":5091,"minecraft:jump":1139,"minecraft:walk_on_water_one_cm":4439,"minecraft:total_world_time":76679,"minecraft:interact_with_furnace":9,"minecraft:time_since_rest":10503,"minecraft:damage_taken":3218,"minecraft:damage_dealt":7501,"minecraft:swim_one_cm":57755,"minecraft:fly_one_cm":192565,"minecraft:open_chest":18,"minecraft:crouch_one_cm":17116,"minecraft:fall_one_cm":56997,"minecraft:inspect_dispenser":5},"minecraft:crafted":{"minecraft:wooden_sword":1,"minecraft:furnace":2,"regions_unexplored:larch_planks":88,"minecraft:iron_boots":1,"jeg:scrap_workbench":1,"minecraft:iron_axe":1,"minecraft:stone_pickaxe":1,"minecraft:dark_oak_planks":36,"minecraft:crafting_table":5,"minecraft:wooden_pickaxe":1,"minecraft:iron_helmet":1,"minecraft:iron_sword":1,"minecraft:air":0,"jeg:scrap_block":1,"minecraft:iron_chestplate":1,"minecraft:stick":20,"minecraft:iron_ingot":39,"minecraft:iron_pickaxe":1,"minecraft:white_bed":1,"minecraft:torch":32},"minecraft:mined":{"minecraft:dark_oak_planks":28,"minecraft:spruce_planks":7,"regions_unexplored:larch_planks":3,"gravestone:gravestone":9,"minecraft:acacia_slab":1,"minecraft:spawner":2,"minecraft:furnace":2,"minecraft:dark_oak_trapdoor":1,"minecraft:iron_ore":40,"minecraft:barrel":3,"minecraft:acacia_stairs":1,"minecraft:pumpkin":1,"regions_unexplored:larch_leaves":14,"minecraft:stripped_dark_oak_wood":6,"minecraft:dark_oak_stairs":1,"minecraft:bookshelf":36,"regions_unexplored:medium_grass":1,"regions_unexplored:larch_log":39,"minecraft:stone":29,"minecraft:white_wool":4,"jeg:scrap_ore":17,"minecraft:crafting_table":1,"minecraft:cobblestone":3,"minecraft:oak_planks":2,"minecraft:birch_planks":1,"jeg:scrap_workbench":2,"minecraft:dark_oak_slab":2,"minecraft:birch_leaves":3,"minecraft:smooth_stone_slab":1,"minecraft:grass":4,"minecraft:coal_ore":65,"minecraft:gravel":2,"minecraft:dirt":2,"minecraft:acacia_planks":24,"minecraft:yellow_stained_glass":1,"minecraft:oak_leaves":5},"minecraft:used":{"minecraft:iron_sword":143,"minecraft:rotten_flesh":6,"minecraft:iron_chestplate":1,"minecraft:torch":11,"minecraft:dirt":2,"minecraft:dark_oak_planks":54,"minecraft:iron_axe":27,"minecraft:iron_helmet":1,"minecraft:iron_boots":1,"minecraft:barrel":2,"minecraft:bow":2,"regions_unexplored:larch_planks":29,"minecraft:furnace":3,"minecraft:acacia_planks":3,"minecraft:stone_pickaxe":123,"minecraft:baked_potato":2,"minecraft:oak_planks":1,"minecraft:wooden_pickaxe":28,"minecraft:white_wool":1,"minecraft:crafting_table":5,"minecraft:white_bed":1,"spartanweaponry:iron_battleaxe":137,"minecraft:acacia_stairs":1,"minecraft:dark_oak_log":1,"minecraft:melon_slice":7,"minecraft:iron_pickaxe":21,"minecraft:gravel":2,"regions_unexplored:larch_log":3,"jeg:scrap_workbench":2,"minecraft:wooden_sword":47,"minecraft:cobblestone":14,"minecraft:pumpkin_pie":7,"alexsmobs:animal_dictionary":1}},"DataVersion":3465}