{"stats":{"minecraft:broken":{"minecraft:stone_pickaxe":1,"spartanweaponry:iron_battleaxe":1},"minecraft:dropped":{"minecraft:furnace":2,"regions_unexplored:larch_log":14,"minecraft:wheat_seeds":1,"minecraft:diamond":2,"minecraft:crafting_table":1,"minecraft:rotten_flesh":1,"minecraft:iron_boots":1,"minecraft:lantern":1,"minecraft:stick":4,"minecraft:ink_sac":10,"minecraft:charcoal":2,"minecraft:iron_leggings":4,"gravestone:obituary":8,"minecraft:dark_oak_planks":1},"minecraft:killed":{"minecraft:parrot":1,"minecraft:witch":1,"minecraft:spider":1,"alexsmobs:seagull":4,"minecraft:creeper":1,"minecraft:skeleton":1,"minecraft:pillager":7,"minecraft:zombie":9,"enemyexpansion:botfly":3,"alexsmobs:fly":1},"minecraft:killed_by":{"minecraft:skeleton":2,"minecraft:spider":1,"minecraft:witch":1,"minecraft:zombie":2,"minecraft:pillager":2},"minecraft:picked_up":{"minecraft:charcoal":3,"minecraft:crafting_table":1,"minecraft:feather":2,"regions_unexplored:larch_planks":2,"spartanweaponry:iron_battleaxe":1,"minecraft:leather_leggings":1,"minecraft:flint":11,"jeg:scrap_workbench":1,"jeg:scrap":28,"minecraft:gunpowder":20,"minecraft:dirt":2,"minecraft:string":1,"minecraft:lantern":1,"minecraft:smooth_stone_slab":1,"minecraft:iron_leggings":3,"minecraft:bone":1,"minecraft:acacia_planks":7,"minecraft:wheat_seeds":1,"minecraft:iron_ingot":8,"regions_unexplored:larch_log":39,"regions_unexplored:larch_sapling":3,"minecraft:birch_sapling":1,"minecraft:oak_planks":1,"jeg:tech_trash":5,"minecraft:book":108,"minecraft:furnace":3,"minecraft:stick":6,"minecraft:raw_iron":40,"minecraft:dark_oak_slab":2,"apotheosis:gem":2,"minecraft:gravel":2,"minecraft:barrel":2,"minecraft:ink_sac":10,"minecraft:acacia_stairs":1,"minecraft:spider_eye":1,"minecraft:dark_oak_planks":19,"minecraft:arrow":5,"minecraft:rotten_flesh":9,"minecraft:diamond":2,"minecraft:diamond_boots":1,"alexsmobs:maggot":2,"minecraft:coal":96,"minecraft:cobblestone":34},"minecraft:crafted":{"minecraft:wooden_sword":1,"minecraft:crafting_table":4,"minecraft:wooden_pickaxe":1,"minecraft:iron_helmet":1,"minecraft:iron_sword":1,"minecraft:furnace":2,"regions_unexplored:larch_planks":52,"minecraft:air":0,"jeg:scrap_block":1,"minecraft:iron_boots":1,"minecraft:iron_chestplate":1,"minecraft:iron_axe":1,"jeg:scrap_workbench":1,"minecraft:stick":20,"minecraft:iron_ingot":39,"minecraft:iron_pickaxe":1,"minecraft:stone_pickaxe":1,"minecraft:dark_oak_planks":12,"minecraft:torch":32},"minecraft:custom":{"minecraft:interact_with_furnace":9,"minecraft:mob_kills":31,"minecraft:interact_with_crafting_table":14,"minecraft:open_barrel":43,"minecraft:damage_dealt_resisted":0,"minecraft:leave_game":1,"minecraft:time_since_death":1207,"minecraft:damage_resisted":0,"minecraft:climb_one_cm":8780,"minecraft:time_since_rest":1230,"minecraft:sprint_one_cm":106775,"minecraft:damage_taken":2469,"minecraft:walk_one_cm":102101,"minecraft:drop":25,"minecraft:damage_dealt":5791,"minecraft:swim_one_cm":49363,"minecraft:fly_one_cm":150548,"minecraft:open_chest":7,"minecraft:crouch_one_cm":15158,"minecraft:play_time":64679,"minecraft:deaths":8,"minecraft:sneak_time":6338,"minecraft:walk_under_water_one_cm":4142,"minecraft:jump":919,"minecraft:walk_on_water_one_cm":4064,"minecraft:total_world_time":64679,"minecraft:fall_one_cm":48681,"minecraft:inspect_dispenser":5},"minecraft:mined":{"minecraft:dark_oak_planks":23,"jeg:scrap_ore":17,"minecraft:crafting_table":1,"regions_unexplored:larch_planks":2,"gravestone:gravestone":6,"minecraft:cobblestone":1,"minecraft:oak_planks":2,"minecraft:birch_planks":1,"jeg:scrap_workbench":1,"minecraft:dark_oak_slab":2,"minecraft:furnace":2,"minecraft:dark_oak_trapdoor":1,"minecraft:iron_ore":40,"minecraft:barrel":3,"minecraft:acacia_stairs":1,"minecraft:birch_leaves":3,"minecraft:dark_oak_stairs":1,"minecraft:pumpkin":1,"minecraft:smooth_stone_slab":1,"regions_unexplored:larch_leaves":14,"minecraft:grass":4,"minecraft:bookshelf":36,"minecraft:coal_ore":65,"minecraft:gravel":2,"minecraft:dirt":2,"regions_unexplored:medium_grass":1,"minecraft:acacia_planks":22,"regions_unexplored:larch_log":39,"minecraft:stone":29,"minecraft:oak_leaves":5},"minecraft:used":{"minecraft:stone_pickaxe":123,"minecraft:oak_planks":1,"minecraft:wooden_pickaxe":28,"minecraft:iron_sword":93,"minecraft:rotten_flesh":6,"minecraft:iron_chestplate":1,"minecraft:torch":5,"minecraft:dirt":2,"minecraft:crafting_table":4,"spartanweaponry:iron_battleaxe":137,"minecraft:dark_oak_planks":27,"minecraft:acacia_stairs":1,"minecraft:dark_oak_log":1,"minecraft:iron_axe":7,"minecraft:iron_pickaxe":14,"minecraft:iron_helmet":1,"minecraft:iron_boots":1,"minecraft:gravel":2,"minecraft:barrel":2,"jeg:scrap_workbench":2,"minecraft:wooden_sword":47,"minecraft:cobblestone":12,"regions_unexplored:larch_planks":18,"minecraft:furnace":3,"minecraft:pumpkin_pie":4,"alexsmobs:animal_dictionary":1,"minecraft:acacia_planks":3}},"DataVersion":3465}