{"stats":{"minecraft:dropped":{"minecraft:wheat_seeds":1},"minecraft:killed":{"minecraft:spider":1,"minecraft:creeper":1},"minecraft:killed_by":{"minecraft:spider":1,"minecraft:zombie":1},"minecraft:picked_up":{"minecraft:stick":2,"regions_unexplored:larch_planks":1,"minecraft:gravel":2,"jeg:scrap":21,"minecraft:spider_eye":1,"minecraft:string":1,"minecraft:dirt":2,"minecraft:rotten_flesh":3,"minecraft:wheat_seeds":1,"regions_unexplored:larch_log":11,"regions_unexplored:larch_sapling":3,"minecraft:birch_sapling":1,"minecraft:coal":20,"jeg:tech_trash":2,"minecraft:cobblestone":19,"minecraft:furnace":1},"minecraft:crafted":{"minecraft:wooden_sword":1,"minecraft:crafting_table":2,"minecraft:stick":12,"minecraft:wooden_pickaxe":1,"minecraft:stone_pickaxe":1,"minecraft:furnace":1,"regions_unexplored:larch_planks":44,"minecraft:torch":32},"minecraft:custom":{"minecraft:time_since_rest":1450,"minecraft:interact_with_furnace":1,"minecraft:sprint_one_cm":25467,"minecraft:damage_taken":511,"minecraft:walk_one_cm":20123,"minecraft:mob_kills":3,"minecraft:drop":1,"minecraft:damage_dealt":642,"minecraft:interact_with_crafting_table":8,"minecraft:fly_one_cm":37953,"minecraft:crouch_one_cm":7105,"minecraft:play_time":16679,"minecraft:deaths":2,"minecraft:sneak_time":2938,"minecraft:damage_dealt_resisted":0,"minecraft:jump":260,"minecraft:leave_game":1,"minecraft:time_since_death":1426,"minecraft:total_world_time":16679,"minecraft:fall_one_cm":11713},"minecraft:mined":{"jeg:scrap_ore":11,"minecraft:birch_leaves":3,"regions_unexplored:larch_planks":1,"regions_unexplored:larch_leaves":14,"gravestone:gravestone":1,"minecraft:grass":3,"minecraft:coal_ore":25,"minecraft:gravel":2,"minecraft:dirt":2,"regions_unexplored:medium_grass":1,"regions_unexplored:larch_log":11,"minecraft:stone":15,"minecraft:oak_leaves":5},"minecraft:used":{"minecraft:stone_pickaxe":47,"minecraft:wooden_pickaxe":14,"minecraft:gravel":2,"minecraft:torch":5,"minecraft:wooden_sword":2,"minecraft:dirt":2,"regions_unexplored:larch_planks":3,"minecraft:crafting_table":2,"minecraft:furnace":1,"alexsmobs:animal_dictionary":1}},"DataVersion":3465}