{"stats":{"minecraft:custom":{"minecraft:mob_kills":94,"minecraft:interact_with_crafting_table":17,"minecraft:open_barrel":71,"minecraft:damage_dealt_resisted":224,"minecraft:leave_game":2,"minecraft:time_since_death":46811,"minecraft:climb_one_cm":17409,"minecraft:damage_resisted":0,"minecraft:sprint_one_cm":325870,"minecraft:walk_one_cm":211957,"minecraft:drop":80,"minecraft:damage_dealt_absorbed":29,"minecraft:play_time":124794,"minecraft:deaths":10,"minecraft:sneak_time":11867,"minecraft:walk_under_water_one_cm":10855,"minecraft:jump":2600,"minecraft:walk_on_water_one_cm":9017,"minecraft:total_world_time":124794,"minecraft:interact_with_furnace":9,"minecraft:time_since_rest":46835,"minecraft:damage_taken":5926,"minecraft:damage_absorbed":59,"minecraft:damage_dealt":18196,"minecraft:swim_one_cm":60985,"minecraft:fly_one_cm":480974,"minecraft:open_chest":53,"minecraft:crouch_one_cm":26387,"minecraft:fall_one_cm":89091,"minecraft:inspect_dispenser":5},"minecraft:killed":{"minecraft:evoker":2,"minecraft:witch":2,"minecraft:vindicator":9,"minecraft:spider":2,"alexsmobs:seagull":4,"enemyexpansion:direwolf":3,"minecraft:skeleton":6,"minecraft:husk":1,"minecraft:parrot":3,"minecraft:pig":8,"enemyexpansion:sprinter":1,"minecraft:creeper":4,"minecraft:pillager":9,"minecraft:zombie":29,"enemyexpansion:huntsman":1,"enemyexpansion:botfly":4,"alexsmobs:fly":1,"enemyexpansion:wasp":1},"minecraft:picked_up":{"minecraft:charcoal":3,"minecraft:crafting_table":1,"minecraft:allium":2,"regions_unexplored:larch_planks":29,"minecraft:leather_leggings":1,"jeg:scrap_workbench":3,"gravestone:obituary":4,"minecraft:string":3,"minecraft:iron_axe":2,"minecraft:smooth_stone_slab":1,"minecraft:iron_leggings":4,"jeg:revolver":1,"minecraft:spruce_planks":10,"regions_unexplored:larch_log":39,"minecraft:birch_sapling":1,"minecraft:furnace":3,"minecraft:stick":10,"minecraft:raw_iron":61,"apotheosis:gem":4,"minecraft:torch":1,"minecraft:spruce_stairs":2,"minecraft:trident":1,"minecraft:dark_oak_planks":32,"minecraft:arrow":8,"minecraft:rotten_flesh":16,"minecraft:diamond_boots":1,"minecraft:stripped_dark_oak_wood":6,"minecraft:totem_of_undying":2,"minecraft:white_wool":6,"minecraft:cobblestone":38,"minecraft:feather":5,"spartanweaponry:iron_battleaxe":1,"minecraft:flint":11,"minecraft:tuff":1,"jeg:scrap":32,"minecraft:gunpowder":26,"minecraft:dirt":3,"minecraft:lantern":1,"minecraft:bone":3,"minecraft:acacia_planks":9,"minecraft:stone_bricks":6,"minecraft:bow":1,"minecraft:wheat_seeds":1,"minecraft:iron_ingot":8,"regions_unexplored:larch_sapling":3,"minecraft:oxidized_cut_copper":3,"minecraft:oak_planks":1,"jeg:tech_trash":5,"minecraft:book":108,"minecraft:dark_oak_slab":2,"minecraft:cooked_porkchop":17,"minecraft:gravel":2,"minecraft:stripped_spruce_log":8,"minecraft:ink_sac":10,"minecraft:barrel":2,"minecraft:acacia_stairs":1,"minecraft:spider_eye":1,"minecraft:polished_andesite":1,"minecraft:diamond":2,"minecraft:bread":11,"minecraft:emerald":5,"alexsmobs:maggot":2,"minecraft:damaged_anvil":1,"minecraft:coal":106},"minecraft:broken":{"minecraft:flint_and_steel":1,"minecraft:stone_pickaxe":1,"spartanweaponry:iron_battleaxe":1,"minecraft:iron_sword":1},"minecraft:dropped":{"minecraft:bread":9,"minecraft:wheat_seeds":1,"minecraft:baked_potato":11,"minecraft:diamond":2,"minecraft:crafting_table":1,"regions_unexplored:larch_planks":41,"minecraft:oxidized_cut_copper":3,"minecraft:iron_helmet":1,"minecraft:cobblestone":2,"minecraft:lantern":1,"jeg:scrap":4,"minecraft:stick":6,"minecraft:ink_sac":10,"minecraft:melon_slice":3,"minecraft:diamond_helmet":1,"minecraft:iron_leggings":5,"gravestone:obituary":16,"minecraft:iron_axe":2,"minecraft:iron_pickaxe":1,"minecraft:string":2,"minecraft:dark_oak_planks":6,"minecraft:furnace":2,"regions_unexplored:larch_log":14,"minecraft:tuff":1,"minecraft:rotten_flesh":5,"minecraft:iron_boots":1,"minecraft:flint_and_steel":2,"minecraft:shield":1,"minecraft:allium":1,"minecraft:iron_chestplate":1,"minecraft:charcoal":2,"apotheosis:gem":3,"minecraft:stone_bricks":6},"minecraft:used":{"minecraft:trident":143,"minecraft:flint_and_steel":64,"minecraft:spruce_planks":41,"minecraft:iron_sword":249,"minecraft:rotten_flesh":6,"minecraft:iron_chestplate":1,"minecraft:torch":27,"minecraft:dirt":3,"minecraft:allium":1,"minecraft:dark_oak_planks":56,"minecraft:iron_axe":63,"minecraft:iron_helmet":1,"minecraft:iron_boots":1,"minecraft:totem_of_undying":1,"minecraft:barrel":2,"minecraft:bow":5,"regions_unexplored:larch_planks":58,"minecraft:furnace":3,"minecraft:acacia_planks":5,"minecraft:polished_andesite":1,"minecraft:stone_pickaxe":123,"minecraft:baked_potato":23,"minecraft:oak_planks":1,"minecraft:wooden_pickaxe":28,"minecraft:white_wool":1,"minecraft:crafting_table":5,"minecraft:white_bed":1,"spartanweaponry:iron_battleaxe":137,"minecraft:acacia_stairs":1,"minecraft:dark_oak_log":1,"minecraft:bread":7,"minecraft:melon_slice":7,"minecraft:iron_pickaxe":90,"regions_unexplored:larch_log":3,"minecraft:gravel":2,"jeg:scrap_workbench":3,"minecraft:wooden_sword":47,"minecraft:cobblestone":14,"minecraft:cooked_porkchop":9,"minecraft:pumpkin_pie":10,"alexsmobs:animal_dictionary":1},"minecraft:killed_by":{"minecraft:spider":1,"minecraft:pillager":2,"minecraft:skeleton":2,"minecraft:witch":1,"minecraft:zombie":4},"minecraft:crafted":{"minecraft:wooden_sword":1,"minecraft:furnace":2,"regions_unexplored:larch_planks":132,"minecraft:flint_and_steel":3,"minecraft:iron_boots":1,"jeg:scrap_workbench":1,"minecraft:iron_axe":1,"minecraft:stone_pickaxe":1,"minecraft:dark_oak_planks":36,"minecraft:crafting_table":5,"minecraft:spruce_planks":32,"minecraft:wooden_pickaxe":1,"minecraft:iron_helmet":1,"minecraft:iron_sword":1,"minecraft:air":0,"jeg:scrap_block":1,"minecraft:iron_chestplate":1,"minecraft:stick":20,"minecraft:iron_ingot":39,"minecraft:iron_pickaxe":1,"minecraft:white_bed":1,"minecraft:torch":32},"minecraft:mined":{"minecraft:dark_oak_planks":34,"minecraft:spruce_planks":14,"minecraft:dark_oak_leaves":5,"minecraft:dark_oak_log":3,"regions_unexplored:larch_planks":3,"gravestone:gravestone":11,"minecraft:grass_block":3,"minecraft:acacia_slab":1,"minecraft:spawner":5,"minecraft:large_fern":1,"minecraft:furnace":2,"minecraft:dark_oak_trapdoor":1,"minecraft:iron_ore":62,"minecraft:fire":10,"minecraft:barrel":3,"minecraft:acacia_stairs":1,"minecraft:stripped_spruce_log":8,"minecraft:pumpkin":1,"regions_unexplored:larch_leaves":14,"minecraft:stripped_dark_oak_wood":6,"minecraft:dark_oak_stairs":1,"minecraft:bookshelf":36,"regions_unexplored:medium_grass":1,"regions_unexplored:larch_log":39,"minecraft:stone":49,"minecraft:white_wool":4,"minecraft:scaffolding":2,"minecraft:glass_pane":11,"jeg:scrap_ore":17,"minecraft:powder_snow":7,"minecraft:crafting_table":1,"minecraft:cobblestone":3,"minecraft:oak_planks":2,"minecraft:damaged_anvil":1,"minecraft:spruce_stairs":2,"minecraft:birch_planks":1,"jeg:scrap_workbench":3,"minecraft:dark_oak_slab":2,"minecraft:purple_stained_glass":5,"minecraft:birch_leaves":3,"minecraft:smooth_stone_slab":1,"minecraft:grass":9,"minecraft:coal_ore":75,"minecraft:cherry_leaves":1,"minecraft:gravel":2,"minecraft:dirt":4,"minecraft:smooth_basalt":6,"minecraft:acacia_planks":24,"minecraft:polished_andesite":1,"minecraft:yellow_stained_glass":1,"minecraft:oak_leaves":5,"minecraft:deepslate":2,"regions_unexplored:larch_shrub":1}},"DataVersion":3465}